title,price,description,esrb_rating,genre,manufacturer,platform,release_date,weight,stock
.Hack // Gu Last Recode   PlayStation 4 PS4,29.99,,Teen,RPG,NAMCOBANDA,PS4,03-Nov-17,0.1750 lbs,35
11 11 Memories Retold (EU Import)   PlayStation 4 PS4,24.99,"BRAND NEW and SEALED Sony Playstation 4 Game.
Note: Can be played on the Sony Playstation 4.",Mature,ADVENTURE,NAMCOEU,PS4,09-Nov-18,0.1850 lbs,33
13 Sentinels Aegis Rim   PlayStation 4 PS4,79.99,,Teen,ADVENTURE,SEGA,PS4,22-Sep-20,0.3600 lbs,1
1971 Project Helios   PlayStation 4 PS4,29.99,"BRAND NEW and SEALED Sony Playstation 4 Game.
Note: Can be played on the Sony Playstation 4 Only.",Teen,STRATEGY,GAME S2,PS4,31-Aug-22,0.1750 lbs,47
7 Days to Die   PlayStation 4 PS4,59.99,,Mature,HORROR,TELLTALE,PS4,28-Jun-16,8.60003E+11,18
88 Heroes   PlayStation 4 PS4,29.99,,Everyone_10_Plus,ACTION,RISINGSTAR,PS4,28-Mar-17,0.1700 lbs,22
8Doors Arums Afterlife Adventure   PlayStation 4 PS4,39.99,"BRAND NEW and SEALED Sony PlayStation 4 Game.
Note: Can be played on the Sony PlayStation 4.",Everyone_10_Plus,ACTION,REDART,PS4,28-Apr-23,0.2050 lbs,33
9th Dawn III 3 (Limited Run Games)   PlayStation 4 PS4,54.99,9th Dawn III is on a region-free physical disc for the Playstation 4. Also works on the Playstation 5.,,,,,,,8
A Boy and His Blob (Limited Run Games)   PlayStation 4 PS4,54.99,A Boy and His Blob is on a region-free physical disc for the Playstation 4. Also works on the Playstation 5.,Everyone,PLATFORMER,LRGAMES,PS4,13-May-22,0.1800 lbs,16
A Boy and His Blob Collectors Edition (Limited Run Games)   PlayStation 4 PS4,94.99,A Boy and His Blob is on a region-free physical disc for the Playstation 4. Also works on the Playstation 5.,Everyone,PLATFORMER,LRGAMES,PS4,13-May-22,0.5000 lbs,9
Absolver (Special Reserve Games) Discontinued   PlayStation 4 PS4,39.99,The ABSOLVER PlayStation 4 Single features:,Teen,ACTION,SPECIALRG,PS4,31-Dec-19,0.1750 lbs,23
Accel World Vs Sword Art Online (UK)   PlayStation 4 PS4,59.99,,Teen,RPG,NAMCOBANDA,PS4,3.39189E+12,,31
Accounting Plus Collectors Edition (PSVR) (LRG)   PlayStation 4 PS4,119.99,GET OUT OF MY DESCRIPTION WORLD! GET OUTTA HERE! THIS ISN?T THE ACCOUNTING+ DESCRIPTION PAGE! THIS IS MY HOME! THIS IS MY DESCRIPTION WORLD! YOU NEED A PS VR TO PLAY!,Mature,SIMULATION,LRGAMES,PS4,26-Jun-19,0.9100 lbs,25
Adventure Academia the Fractured Continent   PlayStation 4 PS4,49.99,"BRAND NEW and SEALED Sony PlayStation 4 Game.
Note: Can be played on the Sony PlayStation 4.",Everyone,RPG,PQUBE,PS4,09-Dec-22,0.1700 lbs,21
Adventure Time Pirates of Enchiridion   PlayStation 4 PS4,29.99,,Everyone_10_Plus,OPENWORLD,U&I ENTMNT,PS4,17-Jul-18,8.19338E+11,50
Aegis Defenders (Limited Run Games)   PlayStation 4 PS4,54.99,"Aegis Defenders is on a region-free physical disc for the Playstation 4Genre: Action, Adventure, Role Playing Games",Everyone_10_Plus,RPG,LRGAMES,PS4,10-May-19,0.2000 lbs,19
Aegis of Earth Protonovus Assault (Factory Sealed)   PlayStation 4 PS4,49.99,,,,,,,,49
After the Fall Frontrunner Edition   PlayStation 4 PS4,29.99,"BRAND NEW and SEALED Sony PlayStation 4 Game.
Note: Can be played on the Sony PlayStation 4.",Mature,FPS,KOCH,PS4,12-Apr-22,0.1700 lbs,7
Afterparty (Limited Run Games)   PlayStation 4 PS4,55.99,Afterparty is on a region-free physical disc for the Playstation 4,Mature,ADVENTURE,LRGAMES,PS4,29-Jan-21,0.2750 lbs,29
Agents of Mayhem M.A.Y.H.E.M. Day One   PlayStation 4 PS4,29.99,,Mature,ACTION,SQUAREENIX,PS4,15-Aug-17,8.16819E+11,12
Ai the Somnium Files Nirvana Initiative Collectors Edition   PlayStation 4 PS4,159.99,"BRAND NEW and SEALED Sony PlayStation 4 Game.
Note: Can be played on the Sony PlayStation 4.",Mature,ADVENTURE,SPIKECHUNS,PS4,24-Jun-22,1.3650 lbs,28
Air Conflicts Double Pack   PlayStation 4 PS4,29.99,,Teen,SIMULATION,KALYPSO,PS4,20-Sep-16,0.2500 lbs,16
Air Conflicts Pacific Carriers   PlayStation 4 PS4,29.99,"Air Conflicts: Pacific Carriers combines authentic Second World War settings and a fictitious story that will lead the player through the Arcade-Flight-Action. The starting point for all the flight missions in the campaign is an aircraft carrier in the Pacific, which the player commands as the captain of the ship.",Teen,SIMULATION,KALYPSO,PS4,03-Nov-15,0.2300 lbs,1
Airheart Tales of Broken Wings (Limited Run Games)   PlayStation 4 PS4,49.99,Airheart is on a region-free physical disc for the Playstation 4,Everyone_10_Plus,RPG,LRGAMES,PS4,07-Jun-19,0.2750 lbs,17
Alex Kidd in Miracle World Dx   PlayStation 4 PS4,39.99,"BRAND NEW and SEALED Sony Playstation 4 Game.
Note: Can be played on the Sony Playstation 4.",Everyone,PLATFORMER,MERGE,PS4,29-Jun-21,0.2700 lbs,34
Alice Gear Aegis Cs Concerto of Simulatrix   PlayStation 4 PS4,54.99,"BRAND NEW and SEALED Sony PlayStation 4 Game.
Note: Can be played on the Sony PlayStation 4.",Teen,FIGHTING,PQUBE,PS4,16-Mar-23,0.1750 lbs,5
Aliens Dark Descent   PlayStation 4 PS4,49.99,"BRAND NEW and SEALED Sony PlayStation 4 Game.
Note: Can be played on the Sony PlayStation 4.",Mature,ACTION,MAXIMUM,PS4,20-Jun-23,0.1800 lbs,39
Aliens Fireteam Elite   PlayStation 4 PS4,39.99,"BRAND NEW and SEALED Sony PlayStation 4 Game.
Note: Can be played on the Sony PlayStation 4.",Mature,RPG,COLDIRON,PS4,24-Aug-21,8.84095E+11,16
Alone With You Collectors Edition (Limited Run Games)   PlayStation 4 PS4,69.99,From the creator of indie horror hit Home comes Alone With You ? a bittersweet sci-fi adventure game that goes right for the heart.,Everyone_10_Plus,ADVENTURE,LRGAMES,PS4,19-Apr-19,0.7350 lbs,27
Alphadia Genesis (Limited Run Games)   PlayStation 4 PS4,49.99,"BRAND NEW and SEALED Sony PlayStation 4 Game.
Note: Can be played on the Sony PlayStation 4.",Teen,RPG,LRGAMES,PS4,23-Jul-21,0.1750 lbs,6
Alphadia Genesis 2 (Limited Run Games)   PlayStation 4 PS4,49.99,Alphadia Genesis is on a region-free physical disc for the Playstation 4. Also works on the Playstation 5.,Teen,RPG,LRGAMES,PS4,01-Apr-22,0.1750 lbs,36
Alwas Collection Limited Edition (Limited Run Games)   PlayStation 4 PS4,114.99,Includes a physical copy of the game and the following:,Everyone,ADVENTURE,LRGAMES,PS4,14-Sep-21,2.2800 lbs,2
Alwas Collection Standard Edition   PlayStation 4 PS4,39.99,"BRAND NEW and SEALED Sony PlayStation 4 Game.
Note: Can be played on the Sony PlayStation 4.",Everyone,ACT/AD,CRGAMES,PS4,14-Dec-21,0.2000 lbs,8
Always Sometimes Monsters (Limited Run Games)   PlayStation 4 PS4,54.99,Always Sometimes Monsters is on a region-free physical disc for the Playstation 4. Also works on the Playstation 5.,Mature,HORROR,LRGAMES,PS4,12-Nov-21,0.1800 lbs,22
American Hero (Limited Run Games)   PlayStation 4 PS4,54.99,American Hero is on a region-free physical disc for the Playstation 4. Also works on the Playstation 5.,,,,,,,16
American Hero Collectors Edition (Limited Run Games)   PlayStation 4 PS4,94.99,American Hero is on a region-free physical disc for the Playstation 4. Also works on the Playstation 5.,Mature,ADVENTURE,LRGAMES,PS4,03-Jun-22,0.4750 lbs,8
American Ninja Warrior   PlayStation 4 PS4,39.99,"BRAND NEW and SEALED Sony Playstation 4 Game.
Note: Can be played on the Sony Playstation 4 Only.",Everyone,ACT/AD,GAMEMILL,PS4,29-Mar-19,0.1750 lbs,38
Among Us Crewmate Edition   PlayStation 4 PS4,29.99,"BRAND NEW and SEALED Sony PlayStation 4 Game.
Note: Can be played on the Sony PlayStation 4.",Everyone_10_Plus,PARTY,MAXIMUM,PS4,21-Dec-21,0.3250 lbs,13
Angry Video Game Nerd 1 + 2 Deluxe (Limited Run Games)   PlayStation 4 PS4,54.99,Angry Video Game Nerd 1 & 2 Deluxe is on a region-free physical disc for the Playstation 4. Also works on the Playstation 5.,Mature,ACTION,LRGAMES,PS4,23-Nov-21,0.1750 lbs,15
Anno Mutationem (Limited Run Games)   PlayStation 4 PS4,59.99,ANNO: Mutationem is on a region-free physical disc for the Playstation 4. Also works on the Playstation 5.,Teen,RPG,LRGAMES,PS4,25-Mar-22,0.1650 lbs,9
Anno Mutationem Deluxe Edition (Limited Run Games)   PlayStation 4 PS4,94.99,ANNO: Mutationem is on a region-free physical disc for the Playstation 4. Also works on the Playstation 5.,Teen,RPG,LRGAMES,PS4,25-Mar-22,0.4550 lbs,28
Anonymous Code Steelbook Launch Edition   PlayStation 4 PS4,84.99,"BRAND NEW and SEALED Sony PlayStation 4 Game.
Note: Can be played on the Sony PlayStation 4.",Mature,VISUAL,SPIKECHUNS,PS4,08-Sep-23,0.5150 lbs,25
Another World 20th Anniversary Collectors Edition (Limited Run Games)   PlayStation 4 PS4,84.99,Another World is on a region-free physical disc for the Playstation 4.,Teen,ACT/AD,LRGAMES,PS4,28-Sep-18,0.9250 lbs,38
Anthem   PlayStation 4 PS4,,,Teen,RPG,EA,PS4,22-Feb-19,14633369960,26
Anthem Legion of Dawn Edition   PlayStation 4 PS4,24.99,,Teen,RPG,EA,PS4,22-Feb-19,14633739183,42
Apex Legends Bloodhound Edition   PlayStation 4 PS4,9.99,,Teen,FPS,EA,PS4,18-Oct-19,14633742770,40
Apex Legends Lifeline Edition   PlayStation 4 PS4,9.99,,Teen,FPS,EA,PS4,18-Oct-19,14633377552,28
Apollo Justice Ace Attorney Trilogy (JPIM) (Multi-Language)   PlayStation 4 PS4,69.99,"BRAND NEW and SEALED Sony PlayStation 4 Game.
Note: Can be played on the Sony PlayStation 4.",Rating Pending,ADVENTURE,CAPCOM,PS4,25-Jan-24,,35
Ara Fell and Rise of the Third Power (Limited Run Games)   PlayStation 4 PS4,59.99,"Ara Fell & Rise of the Third Power is on a region-free physical disc for the Playstation 4, it is also compatible with the Playstation 5.Genre: Strategy, Adventure, Role-Playing",Teen,RPG,LRGAMES,PS4,13-Jan-23,0.2050 lbs,48
Aragami 2   PlayStation 4 PS4,44.99,"BRAND NEW and SEALED Sony Playstation 4 Game.
Note: Can be played on the Sony Playstation 4.",Mature,ACT/AD,MERGE,PS4,21-Sep-21,0.1700 lbs,19
Arcade Classics Anniversary Collection (Limited Run Games)   PlayStation 4 PS4,54.99,,Teen,COLLECTION,LRGAMES,PS4,11-Nov-22,0.2100 lbs,18
Arcade Spirits   PlayStation 4 PS4,44.99,"BRAND NEW and SEALED Sony Playstation 4 Game.
Note: Can be played on the Sony Playstation 4 Only.",Teen,ADVENTURE,PQUBE,PS4,05-May-20,0.1700 lbs,30
Arietta of Spirits (EU Import)   PlayStation 4 PS4,54.99,"BRAND NEW and SEALED Sony Playstation 4 Game.
Note: Can be played on the Sony Playstation 4.",Everyone,ACT/AD,REDART,PS4,16-Nov-21,0.1750 lbs,35
Ark Survival Evolved   PlayStation 4 PS4,34.99,,Teen,SURVIVAL,STUDIOWC,PS4,29-Aug-17,8.84095E+11,44
Ark Survival Evolved (UK)   PlayStation 4 PS4,29.99,,Teen,SURVIVAL,STUDIOWC,PS4,29-Aug-17,0.1750 lbs,41
Ark Ultimate Survivor Edition   PlayStation 4 PS4,59.99,"BRAND NEW and SEALED Sony PlayStation 4 Game.
Note: Can be played on the Sony PlayStation 4.",Teen,SURVIVAL,STUDIOWC,PS4,19-Nov-21,8.84095E+11,22
Armagallant Decks of Destiny   PlayStation 4 PS4,19.99,,Everyone_10_Plus,PUZZLE,MAXIMUM,PS4,04-Apr-17,0.1750 lbs,50
Armed Emeth (Limited Run Games)   PlayStation 4 PS4,54.99,Armed Emeth is on a region-free physical disc for the Playstation 4. Also works on the Playstation 5.,Everyone_10_Plus,RPG,LRGAMES,PS4,22-Jul-22,0.1750 lbs,17
Armored Core VI 6 Fires of Rubicon   PlayStation 4 PS4,79.99,"BRAND NEW and SEALED Sony PlayStation 4 Game.
Note: Can be played on the Sony PlayStation 4.",Teen,ACTION,NAMCOBANDA,PS4,25-Aug-23,0.1700 lbs,44
Art of Fighting Anthology (Limited Run Games)   PlayStation 4 PS4,49.99,"ART OF FIGHTING ANTHOLOGY contains is on a region-free physical disc for the Playstation 4.
Genre: Action",Teen,FIGHTING,LRGAMES,PS4,12-Nov-20,0.1850 lbs,11
Art of Fighting Anthology Collectors Edition (Limited Run Games)   PlayStation 4 PS4,99.99,ART OF FIGHTING ANTHOLOGY contains is on a region-free physical disc for the Playstation 4.,Teen,FIGHTING,LRGAMES,PS4,13-Nov-20,1.0350 lbs,2
Ary and the Secret of Seasons   PlayStation 4 PS4,49.99,"BRAND NEW and SEALED Sony Playstation 4 Game.
Note: Can be played on the Sony Playstation 4 Only.",Everyone_10_Plus,ACT/AD,MAXIMUM,PS4,01-Sep-20,0.1800 lbs,13
Asdivine Cross (Limited Run Games)   PlayStation 4 PS4,54.99,,Everyone_10_Plus,RPG,LRGAMES,PS4,23-Sep-22,0.1650 lbs,47
Asdivine Dios (Limited Run Games)   PlayStation 4 PS4,49.99,,Everyone_10_Plus,RPG,LRGAMES,PS4,06-Nov-20,0.1800 lbs,1
Asdivine Hearts 2 II (Limited Run Games)   PlayStation 4 PS4,49.99,"Asdivine Hearts II is on a region-free physical disc for the Playstation 4.
This is not a numbered release, and thus is not a part of the Limited Run Games Collection. We are distributing this title on behalf of KillPixel. Missing out on this release will not compromise a complete Limited Run set.",Teen,RPG,LRGAMES,PS4,20-Sep-19,0.1850 lbs,25
Asdivine Menace (Limited Run Games)   PlayStation 4 PS4,49.99,"Asdivine Menace is on a region-free physical disc for the Playstation 4.
Genre: Role Playing Games",Teen,RPG,LRGAMES,PS4,18-Dec-20,0.1850 lbs,45
Asdivine Saga (Limited Run Games)   PlayStation 4 PS4,54.99,"Asdivine Saga is on a region-free physical disc for the Playstation 4. Also works on the Playstation 5.
Genre: Role-Playing, Adventure, Strategy, Simulation",Everyone_10_Plus,RPG,LRGAMES,PS4,02-Dec-22,0.1700 lbs,15
Assassins Creed Chronicles   PlayStation 4 PS4,29.99,"Follow three legendary Assassins on journeys of Revenge, Retribution and Redemption. A new saga in the Assassins Creed Universe, Assassins Creed Chronicles take players to three distinct civilizations and time periods throughout history: the start of the Ming Dynasty crumble, the Sikh Empire going at war in India and the aftermath of Red October revolution.",Teen,ACT/ADV,UBISOFT,PS4,09-Feb-16,0.1850 lbs,11
Assassins Creed Ezio Collection   PlayStation 4 PS4,29.99,,Mature,ACT/ADV,UBISOFT,PS4,15-Nov-16,8.87256E+11,41
Assassins Creed IV 4 Black Flag   PlayStation 4 PS4,29.99,,Mature,ACT/AD,UBISOFT,PS4,8888358121,0.2200 lbs,48
Assassins Creed Mirage   PlayStation 4 PS4,69.99,"BRAND NEW and SEALED Sony PlayStation 4 Game.
Note: Can be played on the Sony PlayStation 4.",Mature,ACTION,UBISOFT,PS4,05-Oct-23,0.1850 lbs,27
Assassins Creed Odyssey   PlayStation 4 PS4,49.99,,Mature,ACTION,UBISOFT,PS4,05-Oct-18,8.87256E+11,44
Assassins Creed Origins   PlayStation 4 PS4,29.99,,Mature,ACTION,UBISOFT,PS4,27-Oct-17,8.87256E+11,24
Assassins Creed Syndicate   PlayStation 4 PS4,29.99,"As gangster killer Jacob Frye, you recruit a gang to fight for justice on behalf of the oppressed working class. Lead the underworld to reclaim London in an adventure filled with action, intrigue and brutal combat.",Mature,ACT/AD,UBISOFT,PS4,23-Oct-15,8.87256E+11,9
Assassins Creed Valhalla   PlayStation 4 PS4,79.99,"BRAND NEW and SEALED Sony Playstation 4 Game.
Note: Can be played on the Sony Playstation 4 Only.",Mature,ACTION,UBISOFT,PS4,10-Nov-20,8.87256E+11,25
Astalon Tears of the Earth (Limited Run Games)   PlayStation 4 PS4,54.99,Astalon: Tears of the Earth is on a region-free physical disc for the Playstation 4. Also works on the Playstation 5.,,,,,,,27
Astria Ascending   PlayStation 4 PS4,39.99,"BRAND NEW and SEALED Sony PlayStation 4 Game.
Note: Can be played on the Sony PlayStation 4.",Teen,RPG,MAXIMUM,PS4,02-Nov-21,0.1750 lbs,39
Astro Aqua Kitty (Limited Run Games)   PlayStation 4 PS4,49.99,Astro Aqua Kitty is on a region-free physical disc for the Playstation 4. Also works on the Playstation 5.,Everyone,ACTION,LRGAMES,PS4,18-Mar-22,0.2050 lbs,22
Astro Aqua Kitty Ost Bundle (Limited Run Games)   PlayStation 4 PS4,74.99,Astro Aqua Kitty is on a region-free physical disc for the Playstation 4. Also works on the Playstation 5.,Everyone,ACTION,LRGAMES,PS4,18-Mar-22,0.3950 lbs,2
Astro Bot Rescue Mission (PSVR)   PlayStation 4 PS4,29.99,,Everyone_10_Plus,SIMULATION,SONY,PS4,02-Oct-18,0.1800 lbs,23
Astronite   PlayStation 4 PS4,39.99,"BRAND NEW and SEALED Sony PlayStation 4 Game.
Note: Can be played on the Sony PlayStation 4.",Everyone_10_Plus,ACTION,FUNSTOCK,PS4,02-Dec-22,0.1700 lbs,7
Atari 50 the Anniversary Celebration   PlayStation 4 PS4,39.99,"BRAND NEW and SEALED Sony PlayStation 4 Game.
Note: Can be played on the Sony PlayStation 4.",Teen,COLLECTION,U&I ENTMNT,PS4,11-Nov-22,0.1700 lbs,9
Atari Flashback Classics Collection Vol.2 (UK)   PlayStation 4 PS4,24.99,"BRAND NEW and SEALED Sony Playstation 4 Game.
Note: Can be played on the Sony Playstation 4 Only.",Everyone_10_Plus,ACT/AD,ATARI GAME,PS4,7.42726E+11,,48
Atari Flashback Volume 1   PlayStation 4 PS4,29.99,,Everyone,COLLECTION,ATARI GAME,PS4,12-Oct-16,0.1750 lbs,19
Atari Flashback Volume 2   PlayStation 4 PS4,29.99,,Everyone,COLLECTION,ATARI GAME,PS4,12-Oct-16,0.1700 lbs,14
Atari Flashback Volume 3   PlayStation 4 PS4,29.99,,Everyone,COLLECTION,ATARI GAME,PS4,13-Dec-18,0.1750 lbs,2
Atari Recharged Collection Vol 1 (Asteroids and Breakout) (Limited Run Games)   PlayStation 4 PS4,54.99,,Everyone,COMP,LRGAMES,PS4,25-Nov-22,0.1900 lbs,36
Atelier Ryza 3 Alchemist of the End and the Secret Key   PlayStation 4 PS4,79.99,,Teen,RPG,TECMO KOEI,PS4,24-Mar-23,0.1800 lbs,36
Atomic Heart   PlayStation 4 PS4,89.99,,Mature,ACTION,MAXIMUM,PS4,21-Feb-23,0.3100 lbs,18
ATV Drift and Tricks Definitive Edition   PlayStation 4 PS4,34.99,"BRAND NEW and SEALED Sony Playstation 4 Game.
Note: Can be played on the Sony Playstation 4 Only.",Everyone,RACING,MAXIMUM,PS4,20-Nov-18,0.1750 lbs,9
Avatar the Last Airbender Quest for Balance   PlayStation 4 PS4,49.99,"BRAND NEW and SEALED Sony PlayStation 4 Game.
Note: Can be played on the Sony PlayStation 4.",Everyone,ACT/AD,GAMEMILL,PS4,22-Sep-23,0.1750 lbs,39
Away Journey to the Unexpected (Limited Run Games)   PlayStation 4 PS4,54.99,"Away: Journey To The Unexpected is on a region-free physical disc for the PlayStation 4.
This release is not a part of the Limited Run Games Collection and is not a numbered release. Missing out on this release will not compromise a complete Limited Run set.",Teen,ACT/AD,LRGAMES,PS4,31-Dec-19,0.1950 lbs,4
Awesomenauts Assemble!   PlayStation 4 PS4,29.99,,Teen,MOBA,SODESCO,PS4,04-Mar-14,0.1850 lbs,27
Axiom Verge 1 + 2 Dual Pack (Limited Run Games)   PlayStation 4 PS4,69.99,Axiom Verge 1 & 2 on a region-free physical disc for the Playstation 4. Both games are included physically on a single disc. Includes a full-color manual.,Teen,PLATFORMER,LRGAMES,PS4,01-Oct-21,0.2400 lbs,41
Axiom Verge 2 (Limited Run Games)   PlayStation 4 PS4,54.99,Axiom Verge 2 on a region-free physical disc for Playstation 4.,Teen,PLATFORMER,LRGAMES,PS4,01-Oct-21,0.2100 lbs,7
Ayo the Clown (Limited Run Games)   PlayStation 4 PS4,54.99,Ayo the Clown is on a region-free physical disc for the Playstation 4. Also works on the Playstation 5.,Everyone,ACTION,LRGAMES,PS4,13-Dec-22,0.1700 lbs,23
Azur Lane Crosswave (Limited Run Games)   PlayStation 4 PS4,79.99,This release is not a part of the Limited Run Games Collection and is not a numbered release. Missing out on this release will not compromise a complete Limited Run set.,Teen,RPG,LRGAMES,PS4,05-Nov-19,0.1850 lbs,36
Babylons Fall (Service Ended)   PlayStation 4 PS4,49.99,"BRAND NEW and SEALED Sony PlayStation 4 Game.
Note: Can be played on the Sony PlayStation 4.",Teen,RPG,SQUAREENIX,PS4,03-Mar-22,6.62249E+11,31
Back 4 Blood   PlayStation 4 PS4,39.99,,Mature,FPS,WARNER,PS4,12-Oct-21,8.8393E+11,36
Baila Latino   PlayStation 4 PS4,39.99,,Everyone,MUSIC,CRESENT,PS4,16-May-17,0.1850 lbs,35
Dungeon Munchies   PlayStation 5 PS5,44.99,"BRAND NEW and SEALED Sony PlayStation 5 Game.
Note: Can be played on the Sony PlayStation 5 Only.",Mature,ACT/AD,PM STUDIOS,PS5,13-Jan-23,0.2000 lbs,13
Dungeon Munchies Collectors Edition   PlayStation 5 PS5,104.99,"BRAND NEW and SEALED Sony PlayStation 5 Game.
Note: Can be played on the Sony PlayStation 5 Only.",Mature,ACT/AD,PM STUDIOS,PS5,13-Jan-23,0.6700 lbs,47
Dungeons 4   PlayStation 5 PS5,59.99,"BRAND NEW and SEALED Sony PlayStation 5 Game.
Note: Can be played on the Sony PlayStation 5 Only.",Rating Pending,STRATEGY,KALYPSO,PS5,31-Dec-24,,5
Dusk Diver 2 Launch Edition   PlayStation 5 PS5,64.99,"BRAND NEW and SEALED Sony PlayStation 5 Game.
Note: Can be played on the Sony PlayStation 5 Only.",Teen,ACTION,IDEAFACT,PS5,30-Aug-22,0.6100 lbs,37
Dying Light 2 Stay Human   PlayStation 5 PS5,79.99,"BRAND NEW and SEALED Sony Playstation 5 Game.
Note: Can be played on the Sony Playstation 5 Only.",Mature,ACTION,SQUAREENIX,PS5,04-Feb-22,6.62249E+11,22
EA Sports FC 24   PlayStation 5 PS5,79.99,"BRAND NEW and SEALED Sony PlayStation 5 Game.
Note: Can be played on the Sony PlayStation 5 Only.",Everyone,SPORTS,EA,PS5,29-Sep-23,14633382075,42
EA Sports PGA Tour   PlayStation 5 PS5,79.99,"BRAND NEW and SEALED Sony PlayStation 5 Game.
Note: Can be played on the Sony PlayStation 5 Only.",Everyone,SPORTS,EA,PS5,07-Apr-23,14633377194,38
Edge of Eternity   PlayStation 5 PS5,49.99,,Teen,RPG,GAME S2,PS5,10-Feb-22,0.1750 lbs,33
Eiyuden Chronicle Hundred Heroes   PlayStation 5 PS5 ,69.99,"BRAND NEW and SEALED Sony PlayStation 5 Game.
Note: Can be played on the Sony PlayStation 5 Only.",Rating Pending,RPG,505 GAMES,PS5,30-Apr-24,,35
Eiyuden Chronicle Rising   PlayStation 5 PS5,44.99,"BRAND NEW and SEALED Sony PlayStation 5 Game.
Note: Can be played on the Sony PlayStation 5 Only.",Everyone_10_Plus,RPG,REDART,PS5,10-Mar-23,0.1800 lbs,3
Elden Ring   PlayStation 5 PS5,79.99,,Mature,RPG,NAMCOBANDA,PS5,25-Feb-22,0.1750 lbs,30
Elex 2   PlayStation 5 PS5,59.99,"BRAND NEW and SEALED Sony PlayStation 5 Game.
Note: Can be played on the Sony PlayStation 5 Only.",Mature,ACT/AD,NORDIC,PS5,01-Mar-22,0.1750 lbs,41
Endless Dungeon Day One Edition   PlayStation 5 PS5,54.99,"BRAND NEW and SEALED Sony PlayStation 5 Game.
Note: Can be played on the Sony PlayStation 5 Only.",Teen,ACTION,SEGA,PS5,20-Oct-23,0.4800 lbs,50
Eternights   PlayStation 5 PS5,39.99,"BRAND NEW and SEALED Sony PlayStation 5 Game.
Note: Can be played on the Sony PlayStation 5 Only.",Mature,RPG,MAXIMUM,PS5,16-Nov-23,0.1700 lbs,41
Ever Forward   PlayStation 5 PS5,49.99,"BRAND NEW and SEALED Sony Playstation 5 Game.
Note: Can be played on the Sony Playstation 5 Only.",Everyone_10_Plus,PUZZLE,PM STUDIOS,PS5,21-Dec-21,0.1750 lbs,42
Evil Dead the Game   PlayStation 5 PS5,29.99,"BRAND NEW and SEALED Sony PlayStation 5 Game.
Note: Can be played on the Sony PlayStation 5 Only.",Mature,FIGHTING,U&I ENTMNT,PS5,13-May-22,8.12303E+11,30
Evil Genius 2 World Domination   PlayStation 5 PS5,49.99,"BRAND NEW and SEALED Sony PlayStation 5 Game.
Note: Can be played on the Sony PlayStation 5 Only.",Teen,STRATEGY,U&I ENTMNT,PS5,30-Nov-21,0.1700 lbs,32
F.I.S.T. Fist Forged in Shadows Day One Edition   PlayStation 5 PS5,49.99,"BRAND NEW and SEALED Sony PlayStation 5 Game.
Note: Can be played on the Sony PlayStation 5 Only.",Everyone_10_Plus,ACT/AD,MAXIMUM,PS5,04-Oct-22,0.4450 lbs,43
F1 22   PlayStation 5 PS5,29.99,"BRAND NEW and SEALED Sony PlayStation 5 Game.
Note: Can be played on the Sony PlayStation 5 Only.",Everyone,RACING,EA,PS5,01-Jul-22,0.1750 lbs,23
F1 23   PlayStation 5 PS5,89.99,"BRAND NEW and SEALED Sony PlayStation 5 Game.
Note: Can be played on the Sony PlayStation 5 Only.",Everyone,SPORTS,EA,PS5,16-Jun-23,14633382051,10
Fairy Fencer F Refrain Chord   PlayStation 5 PS5,69.99,"BRAND NEW and SEALED Sony PlayStation 5 Game.
Note: Can be played on the Sony PlayStation 5 Only.",Teen,RPG,IDEAFACT,PS5,25-Apr-23,0.1700 lbs,39
Fallen Legion Rise to Glory and Fallen Legion Revenants Deluxe Edition   PlayStation 5 PS5,69.99,,Everyone_10_Plus,ACTION,TECMO KOEI,PS5,23-Aug-22,0.2950 lbs,42
Far Cry 6   PlayStation 5 PS5,69.99,"BRAND NEW and SEALED Sony Playstation 5 Game.
Note: Can be played on the Sony Playstation 5 Only.",Mature,FPS,UBISOFT,PS5,07-Oct-21,8.87256E+11,45
Farming Simulator 2022 Platinum Edition   PlayStation 5 PS5,79.99,"BRAND NEW and SEALED Sony PlayStation 5 Game.
Note: Can be played on the Sony PlayStation 5 Only.",Everyone,SIMULATION,GIANTS,PS5,15-Nov-22,0.1750 lbs,30
Farming Simulator 22   PlayStation 5 PS5,49.99,"BRAND NEW and SEALED Sony PlayStation 5 Game.
Note: Can be played on the Sony PlayStation 5 Only.",Everyone,SIMULATION,GIANTS,PS5,22-Nov-21,0.2600 lbs,49
Fate Samurai Remnant   PlayStation 5 PS5,79.99,"BRAND NEW and SEALED Sony PlayStation 5 Game.
Note: Can be played on the Sony PlayStation 5 Only.",Teen,RPG,TECMO KOEI,PS5,29-Sep-23,0.1750 lbs,4
FIFA 2022   PlayStation 5 PS5,39.99,"BRAND NEW and SEALED Sony PlayStation 5 Game.
Note: Can be played on the Sony PlayStation 5 Only.",Everyone,SPORTS,EA,PS5,01-Oct-21,14633742602,32
FIFA 21 Next Level Edition   PlayStation 5 PS5,59.99,"BRAND NEW and SEALED Sony Playstation 5 Game.
Note: Can be played on the Sony Playstation 5 Only.",Teen,SPORTS,EA,PS5,04-Dec-20,14633380262,47
FIFA 23   PlayStation 5 PS5,39.99,"BRAND NEW and SEALED Sony PlayStation 5 Game.
Note: Can be played on the Sony PlayStation 5 Only.",Everyone,SPORTS,EA,PS5,30-Sep-22,14633744521,36
Final Fantasy VII 7 Rebirth   PlayStation 5 PS5     29 2024,89.99,"BRAND NEW and SEALED Sony PlayStation 5 Game.
Note: Can be played on the Sony PlayStation 5 Only.",Rating Pending,RPG,SQUAREENIX,PS5,29-Feb-24,,45
Final Fantasy VII 7 Rebirth Deluxe Edition   PlayStation 5 PS5,129.99,Limit 1 per customer. Subsequent orders will be subject to cancellation.,Rating Pending,RPG,SQUAREENIX,PS5,29-Feb-24,,46
Final Fantasy VII 7 Remake Intergrade (EU Import)   PlayStation 5 PS5,89.99,"BRAND NEW and SEALED Sony Playstation 5 Game.
Note: Can be played on the Sony Playstation 5 Only.",Teen,RPG,SQUAREEU,PS5,10-Jun-21,0.2000 lbs,25
Final Vendetta (Limited Run Games)   PlayStation 5 PS5,64.99,Final Vendetta is on a region-free physical disc for the PlayStation 5.,Teen,ACTION,LRGAMES,PS5,19-Apr-22,0.1700 lbs,19
Flashback 2 Limited Edition   PlayStation 5 PS5,59.99,"BRAND NEW and SEALED Sony PlayStation 5 Game.
Note: Can be played on the Sony PlayStation 5 Only.",Rating Pending,ACTION,NORDIC,PS5,10-Jan-24,,3
Flintlock the Siege of Dawn   PlayStation 5 PS5,59.99,"BRAND NEW and SEALED Sony PlayStation 5 Game.
Note: Can be played on the Sony PlayStation 5 Only.",Rating Pending,ACTION,MAXIMUM,PS5,31-Dec-24,,36
Formula Retro Racing World Tour Special Edition   PlayStation 5 PS5,59.99,"BRAND NEW and SEALED Sony PlayStation 5 Game.
Note: Can be played on the Sony PlayStation 5 Only.",Everyone,RACING,PM STUDIOS,PS5,12-Dec-23,,24
Forspoken   PlayStation 5 PS5,89.99,"BRAND NEW and SEALED Sony PlayStation 5 Game.
Note: Can be played on the Sony PlayStation 5 Only.",Mature,ACTION,SQUAREENIX,PS5,24-Jan-23,6.62249E+11,38
Fortnite Anime Legends (Code in Box)   PlayStation 5 PS5,29.99,"BRAND NEW and SEALED Sony PlayStation 5 Game.
Note: Can be played on the Sony PlayStation 5 Only.",Teen,ACTION,U&I ENTMNT,PS5,14-Oct-22,0.1650 lbs,47
Fortnite Minty Legends Pack   PlayStation 5 PS5,29.99,"BRAND NEW and SEALED Sony PlayStation 5 Game.
Note: Can be played on the Sony PlayStation 5 Only.",Teen,ACTION,U&I ENTMNT,PS5,02-Nov-21,8.12303E+11,11
Fortnite Transformers Pack   PlayStation 5 PS5,34.99,"BRAND NEW and SEALED Sony PlayStation 5 Game.
Note: Can be played on the Sony PlayStation 5 Only.",Teen,ACTION,U&I ENTMNT,PS5,13-Oct-23,0.1600 lbs,6
Frogun (Limited Run Games)   PlayStation 5 PS5,54.99,"Frogun is on a region-free physical disc for the PlayStation 5.
This release is not a part of the Limited Run Games Collection and is not a numbered release. Missing out on this release will not compromise a complete Limited Run set.",Everyone,PLATFORMER,LRGAMES,PS5,02-Aug-22,0.1700 lbs,19
Front Mission 1st Remake Limited Edition   PlayStation 5 PS5,49.99,"BRAND NEW and SEALED Sony PlayStation 5 Game.
Note: Can be played on the Sony PlayStation 5 Only.",Teen,RPG,MAXIMUM,PS5,16-Jan-24,,41
Gal Guardians Demon Purge   PlayStation 5 PS5,54.99,"BRAND NEW and SEALED Sony PlayStation 5 Game.
Note: Can be played on the Sony PlayStation 5 Only.",Teen,ACTION,PQUBE,PS5,15-Jun-23,0.1750 lbs,22
Garden Simulator   PlayStation 5 PS5,44.99,"BRAND NEW and SEALED Sony PlayStation 5 Game.
Note: Can be played on the Sony PlayStation 5 Only.",Everyone,SIMULATION,MERGE,PS5,19-May-23,0.1750 lbs,44
Ghost of Tsushima Directors Cut   PlayStation 5 PS5,89.99,,Mature,ACTION,SONY,PS5,20-Aug-21,7.1172E+11,35
Ghost Song   PlayStation 5 PS5,39.99,"BRAND NEW and SEALED Sony PlayStation 5 Game.
Note: Can be played on the Sony PlayStation 5 Only.",Teen,ACT/AD,U&I ENTMNT,PS5,28-Jul-23,0.2100 lbs,43
Ghostrunner 2   PlayStation 5 PS5,49.99,"BRAND NEW and SEALED Sony PlayStation 5 Game.
Note: Can be played on the Sony PlayStation 5 Only.",Mature,ACTION,505 GAMES,PS5,26-Oct-23,0.1700 lbs,36
Ghostwire Tokyo   PlayStation 5 PS5,79.99,,Teen,HORROR,BETHESDA,PS5,25-Mar-22,93155175440,27
Gloomhaven Mercenaries Edition   PlayStation 5 PS5,49.99,"BRAND NEW and SEALED Sony PlayStation 5 Game.
Note: Can be played on the Sony PlayStation 5 Only.",Teen,STRATEGY,U&I ENTMNT,PS5,19-Sep-23,0.1800 lbs,23
Goat Simulator 3   PlayStation 5 PS5,19.99,"BRAND NEW and SEALED Sony PlayStation 5 Game.
Note: Can be played on the Sony PlayStation 5 Only.",Teen,SIMULATION,KOCH,PS5,17-Nov-22,0.1700 lbs,46
God of War Ragnarok (Post Launch Edition)   PlayStation 5 PS5,79.99,Limit 1 per customer. Subsequent orders will be subject to cancellation.,Mature,ACTION,SONY,PS5,09-Nov-22,7.1172E+11,42
Godfall   PlayStation 5 PS5,29.99,"BRAND NEW and SEALED Sony Playstation 5 Game.
Note: Can be played on the Sony Playstation 5 Only.",Teen,ACTION,GEARBOX,PS5,12-Nov-20,8.50012E+11,2
Godfall Deluxe Edition   PlayStation 5 PS5,59.99,"BRAND NEW and SEALED Sony Playstation 5 Game.
Note: Can be played on the Sony Playstation 5 Only.",Teen,ACTION,GEARBOX,PS5,12-Nov-20,0.1850 lbs,47
Goodbye World   PlayStation 5 PS5,49.99,"BRAND NEW and SEALED Sony PlayStation 5 Game.
Note: Can be played on the Sony PlayStation 5 Only.",Everyone,PUZZLE,PM STUDIOS,PS5,07-Jul-23,0.1900 lbs,20
Gord Deluxe Edition   PlayStation 5 PS5,54.99,"BRAND NEW and SEALED Sony PlayStation 5 Game.
Note: Can be played on the Sony PlayStation 5 Only.",Teen,STRATEGY,U&I ENTMNT,PS5,17-Aug-23,0.2900 lbs,31
Gotham Knights   PlayStation 5 PS5,79.99,"BRAND NEW and SEALED Sony PlayStation 5 Game.
Note: Can be played on the Sony PlayStation 5 Only.",Teen,ACTION,WARNER,PS5,21-Oct-22,8.8393E+11,6
Gothic 1 Remake   PlayStation 5 PS5,59.99,"BRAND NEW and SEALED Sony PlayStation 5 Game.
Note: Can be played on the Sony PlayStation 5 Only.",Teen,ACTION,NORDIC,PS5,31-Dec-24,0.1900 lbs,3
Gran Turismo 7 Post Launch Edition   PlayStation 5 PS5,79.99,"Gran Turismo 7 builds on 25 years of experience to bring you the best features from the history of the franchise. Whether you�re a competitive or casual racer, collector, tuner, livery designer, or photographer   find your line with a staggering collection of game modes including fan-favourites like GT Campaign, Arcade and Driving School.",Everyone,RACING,SONY,PS5,04-Mar-22,0.1750 lbs,7
Granblue Fantasy Relink Deluxe Edition   PlayStation 5 PS5,134.99,"BRAND NEW and SEALED Sony PlayStation 5 Game.
Note: Can be played on the Sony PlayStation 5 Only.",Teen,RPG,XSEED,PS5,01-Feb-24,,25
Granblue Fantasy Relink Special Edition   PlayStation 5 PS5,79.99,"BRAND NEW and SEALED Sony PlayStation 5 Game.
Note: Can be played on the Sony PlayStation 5 Only.",Rating Pending,RPG,XSEED,PS5,01-Feb-24,,35
Grand Theft Auto GTA V 5   PlayStation 5 PS5,49.99,"Continue your journey on PS5 and transfer both GTA V Story Mode progress and GTA Online characters and progression to PS5 with a one-time migration. PlayStation 5 players can enjoy new high-performance vehicle upgrades and improvements like the Career Builder as well as all GTA Online gameplay upgrades, expansions, and access to all current and previous content updates, ready to enjoy solo or with friends. Pull off daring co-operative Heists, enter adrenaline-fueled Stunt Races, compete in unique Adversary Modes, or hang out in social spaces including nightclubs, arcades, penthouse parties, car meetups, and much more.",Mature,ACTION,TAKE 2,PS5,12-Apr-22,7.10426E+11,16
Gravity Circuit   PlayStation 5 PS5,54.99,"BRAND NEW and SEALED Sony PlayStation 5 Game.
Note: Can be played on the Sony PlayStation 5 Only.",None Selected,ACTION,REDART,PS5,29-Mar-24,,31
Greyhill Incident (EU Import)   PlayStation 5 PS5,44.99,"BRAND NEW and SEALED Sony PlayStation 5 Game.
Note: Can be played on the Sony PlayStation 5 Only.",Mature,ACT/AD,PERP,PS5,09-Jun-23,0.1950 lbs,45
Grid Legends   PlayStation 5 PS5,39.99,"BRAND NEW and SEALED Sony PlayStation 5 Game.
Note: Can be played on the Sony PlayStation 5 Only.",Everyone,RACING,EA,PS5,25-Feb-22,14633381979,38
Grim Grimoire Once More Deluxe Edition   PlayStation 5 PS5,69.99,"BRAND NEW and SEALED Sony PlayStation 5 Game.
Note: Can be played on the Sony PlayStation 5 Only.",Teen,STRATEGY,TECMO KOEI,PS5,04-Apr-23,0.2150 lbs,33
Hades   PlayStation 5 PS5,49.99,,Teen,ACTION,TAKE 2,PS5,13-Aug-21,7.10426E+11,33
Hammerwatch II the Chronicles Edition   PlayStation 5 PS5,49.99,"BRAND NEW and SEALED Sony PlayStation 5 Game.
Note: Can be played on the Sony PlayStation 5 Only.",Teen,RPG,MAXIMUM,PS5,12-Dec-23,,31
Happy Fun Land Souvenir Edition VR   PlayStation 5 PS5,39.99,"BRAND NEW and SEALED Sony PlayStation 5 Game.
Note: Can be played on the Sony PlayStation 5 Only.",Rating Pending,HORROR,U&I ENTMNT,PS5,26-Mar-24,,15
Harvest Moon the Winds of Anthos   PlayStation 5 PS5,69.99,"BRAND NEW and SEALED Sony PlayStation 5 Game.
Note: Can be played on the Sony PlayStation 5 Only.",Everyone,SIMULATION,NATSUME,PS5,26-Sep-23,0.1700 lbs,16
Haven (Limited Run Games)   PlayStation 5 PS5,64.99,Haven is on a region-free physical disc for the Playstation 5. Includes a full-color manual.,,,,,,,28
Haven Collectors Edition (Limited Run Games)   PlayStation 5 PS5,124.99,Haven is on a region-free physical disc for the PlayStation 5.,,,,,,,16
Helldivers 2   PlayStation 5 PS5,49.99,"BRAND NEW and SEALED Sony PlayStation 5 Game.
Note: Can be played on the Sony PlayStation 5 Only.",Mature,TPS,SONY,PS5,08-Feb-24,,15
Hello Neighbor 2   PlayStation 5 PS5,39.99,"BRAND NEW and SEALED Sony PlayStation 5 Game.
Note: Can be played on the Sony PlayStation 5 Only.",Everyone_10_Plus,HORROR,GEARBOX,PS5,06-Dec-22,0.1700 lbs,44
Hitman 3 Deluxe Edition (Limited Run Games)   PlayStation 5 PS5,104.99,HITMAN 3 Deluxe Edition is on a region-free physical disc for the Playstation 5.,,,,,,,22
Hitman World of Assassination   PlayStation 5 PS5,,"BRAND NEW and SEALED Sony PlayStation 5 Game.
Note: Can be played on the Sony PlayStation 5 Only.",Mature,ACTION,IO INT,PS5,25-Aug-23,0.2150 lbs,47
Hoa   PlayStation 5 PS5,39.99,"BRAND NEW and SEALED Sony Playstation 5 Game.
Note: Can be played on the Sony Playstation 5 Only.",Everyone,PLATFORMER,PM STUDIOS,PS5,14-Sep-21,0.1750 lbs,46
Hogwarts Legacy   PlayStation 5 PS5,,,Teen,OPENWORLD,WARNER,PS5,10-Feb-23,8.8393E+11,11
Horizon Forbidden West (Post Launch Edition)   PlayStation 5 PS5,64.99,"Join Aloy as she braves the Forbidden West   a majestic but dangerous frontier that conceals mysterious new threats. Explore distant lands, fight bigger and more awe-inspiring machines, and encounter astonishing new tribes as you return to the far-future, post-apocalyptic world of Horizon. The land is dying. Vicious storms and an unstoppable blight ravage the scattered remnants of humanity, while fearsome new machines prowl their borders. Life on Earth is hurtling towards another extinction, and no one knows why. It�s up to Aloy to uncover the secrets behind these threats and restore order and balance to the world.",Teen,ACTION,SONY,PS5,18-Feb-22,7.1172E+11,15
Horizon Forbidden West Complete Edition   PlayStation 5 PS5,79.99,"BRAND NEW and SEALED Sony PlayStation 5 Game.
Note: Can be played on the Sony PlayStation 5 Only.",Teen,ACTION,SONY,PS5,06-Oct-23,0.2550 lbs,40
Horizon Forbidden West Special Edition   PlayStation 5 PS5,129.99,"BRAND NEW and SEALED Sony PlayStation 5 Game.
Note: Can be played on the Sony PlayStation 5 Only.",Teen,ACTION,SONY,PS5,18-Feb-22,1.0450 lbs,25
Hot Wheels Unleashed   PlayStation 5 PS5,19.99,"BRAND NEW and SEALED Sony Playstation 5 Game.
Note: Can be played on the Sony Playstation 5 Only.",Everyone,RACING,KOCH,PS5,30-Sep-21,0.1750 lbs,26
Hot Wheels Unleashed 2 Turbocharged   PlayStation 5 PS5,,"BRAND NEW and SEALED Sony PlayStation 5 Game.
Note: Can be played on the Sony PlayStation 5 Only.",Everyone,RACING,KOCH,PS5,19-Oct-23,0.1700 lbs,46
Hyper Gunsport (Limited Run Games)   PlayStation 5 PS5,59.99,Hyper Gunsport is on a region-free physical disc for the PlayStation 5.,Everyone,ACTION,LRGAMES,PS5,23-Jun-23,0.1900 lbs,25
Ikai Launch Edition   PlayStation 5 PS5,44.99,"BRAND NEW and SEALED Sony PlayStation 5 Game.
Note: Can be played on the Sony PlayStation 5 Only.",Teen,HORROR,PM STUDIOS,PS5,15-Apr-22,0.1900 lbs,26
Immortals Fenyx Rising   PlayStation 5 PS5,39.99,,Teen,ACTION,UBISOFT,PS5,03-Dec-20,8.87256E+11,47
In Nightmare   PlayStation 5 PS5,29.99,"BRAND NEW and SEALED Sony PlayStation 5 Game.
Note: Can be played on the Sony PlayStation 5 Only.",Teen,ADVENTURE,MAXIMUM,PS5,29-Mar-22,0.1700 lbs,45
In Sound Mind Deluxe Edition   PlayStation 5 PS5,19.99,"BRAND NEW and SEALED Sony Playstation 5 Game.
Note: Can be played on the Sony Playstation 5 Only.",Teen,ADVENTURE,MAXIMUM,PS5,28-Sep-21,0.1750 lbs,12
Inertial Drift   PlayStation 5 PS5,39.99,"BRAND NEW and SEALED Sony PlayStation 5 Game.
Note: Can be played on the Sony PlayStation 5 Only.",Everyone,RACING,PQUBE,PS5,29-Sep-22,0.1700 lbs,10
Infinity Strash Dragon Quest The Adventure of Dai (ASIM)   PlayStation 5 PS5,94.99,"BRAND NEW and SEALED Sony PlayStation 5 Game.
Note: Can be played on the Sony PlayStation 5 Only.",Rating Pending,RPG,SQUAREJP,PS5,06-Oct-23,0.1900 lbs,24
Infliction Extended Cut (Limited Run Games)   PlayStation 5 PS5,54.99,"Infliction: Extended Cut is on a region-free physical disc for the PlayStation 5.
Genre:Adventure",Mature,HORROR,LRGAMES,PS5,23-Jul-21,0.1750 lbs,45
Instant Sports Plus   PlayStation 5 PS5,44.99,"BRAND NEW and SEALED Sony PlayStation 5 Game.
Note: Can be played on the Sony PlayStation 5 Only.",Everyone,SPORTS,MERGE,PS5,13-May-22,0.1750 lbs,7
Jitsu Squad   PlayStation 5 PS5,39.99,"BRAND NEW and SEALED Sony PlayStation 5 Game.
Note: Can be played on the Sony PlayStation 5 Only.",Teen,FIGHTING,ININ,PS5,20-Dec-22,0.1850 lbs,39
Jojos Bizarre Adventure All-Star Battle R   PlayStation 5 PS5,79.99,,Teen,FIGHTING,NAMCOBANDA,PS5,02-Sep-22,0.1750 lbs,27
Jumanji the Video Game   PlayStation 5 PS5,29.99,"BRAND NEW and SEALED Sony PlayStation 5 Game.
Note: Can be played on the Sony PlayStation 5 Only.",Teen,ADVENTURE,NAMCOBANDA,PS5,22-Oct-21,0.1750 lbs,12
Jurassic World Evolution 2   PlayStation 5 PS5,79.99,"BRAND NEW and SEALED Sony PlayStation 5 Game.
Note: Can be played on the Sony PlayStation 5 Only.",Teen,SIMULATION,U&I ENTMNT,PS5,09-Nov-21,8.12303E+11,38
Just Dance 2021   PlayStation 5 PS5,39.99,"BRAND NEW and SEALED Sony Playstation 5 Game.
Note: Can be played on the Sony Playstation 5 Only.",Everyone,DANCE,UBISOFT,PS5,24-Nov-20,0.1700 lbs,43
Just Dance 2022   PlayStation 5 PS5,39.99,,Everyone_10_Plus,DANCE,UBISOFT,PS5,04-Nov-21,0.1700 lbs,13
Just Dance 2023 (Code in Box)   PlayStation 5 PS5,79.99,,Everyone,DANCE,UBISOFT,PS5,22-Nov-22,0.1600 lbs,6
Kao the Kangaroo (Limited Run Games)   PlayStation 5 PS5,54.99,Kao the Kangaroo is on a region-free physical disc for the PlayStation 5. This is an open pre-order for a limited time.,Everyone_10_Plus,ACTION,LRGAMES,PS5,24-May-22,0.1700 lbs,23
King of Fighters XV   PlayStation 5 PS5,39.99,"BRAND NEW and SEALED Sony PlayStation 5 Game.
Note: Can be played on the Sony PlayStation 5 Only.",Teen,FIGHTING,KOCH,PS5,17-Feb-22,0.1750 lbs,11
Ultra Age (Limited Run Games)   Switch,54.99,Limit 1 per customer. Subsequent orders will be subject to cancellation.,Teen,ACTION,LRGAMES,NSW,21-Mar-23,0.1200 lbs,26
Ultra Street Fighter II 2 the Final Challengers (EU Import)   Switch,54.99,,Teen,FIGHTING,NINTENDO,NSW,26-May-17,0.1150 lbs,23
Umihara Kawase Bazooka   Switch,39.99,"BRAND NEW and SEALED Nintendo Switch Game.
Note: Can be played on the Nintendo Switch Only.",Everyone_10_Plus,PLATFORMER,ININ,NSW,20-Nov-20,0.1300 lbs,40
Umihara Kawase Bazooka!! Japanese Release (Multi-Language)   Switch,49.99,"BRAND NEW and SEALED Nintendo Switch Game.
Note: Can be played on the Nintendo Switch Only.",Everyone_10_Plus,ACTION,ININ,NSW,28-May-20,0.1250 lbs,16
Undead Darlings No Cure for Love (Limited Run Games)   Switch,59.99,Limit 1 per customer. Subsequent orders will be subject to cancellation.,Teen,VISUAL,LRGAMES,NSW,11-Oct-22,0.1200 lbs,5
Under Night In-Birth Exe Late Clr   Switch,54.99,"BRAND NEW and SEALED Nintendo Switch Game.
Note: Can be played on the Nintendo Switch Only.",Teen,FIGHTING,AKSYS,NSW,20-Feb-20,8.53756E+11,24
Under Night In-Birth II [Sys:Celes]   Switch,69.99,"BRAND NEW and SEALED Nintendo Switch Game.
Note: Can be played on the Nintendo Switch.",Teen,FIGHTING,TECMO KOEI,NSW,25-Jan-24,,29
Undermine (Limited Run Games)   Switch,54.99,Limit 1 per customer. Subsequent orders will be subject to cancellation.,Everyone_10_Plus,RPG,LRGAMES,NSW,05-Aug-22,0.1300 lbs,27
Undernauts Labyrinth of Yomi   Switch,79.99,"BRAND NEW and SEALED Nintendo Switch Game.
Note: Can be played on the Nintendo Switch.",Mature,RPG,AKSYS,NSW,28-Oct-21,0.1200 lbs,8
Undertale   Switch,44.99,,Everyone_10_Plus,RPG,U&I ENTMNT,NSW,18-Sep-18,0.1800 lbs,10
Unicorn Overlord   Switch,79.99,"BRAND NEW and SEALED Nintendo Switch Game.
Note: Can be played on the Nintendo Switch.",Rating Pending,RPG,SEGA,NSW,08-Mar-24,,7
Unravel 2 (EU Import)   Switch,39.99,"BRAND NEW and SEALED Nintendo Switch Game.
Note: Can be played on the Nintendo Switch Only.",Everyone_10_Plus,ADVENTURE,EA,NSW,09-Jun-18,5.03094E+12,23
Unravel Two 2   Switch,25.99,"BRAND NEW and SEALED Nintendo Switch Game.
Note: Can be played on the Nintendo Switch.",Everyone,PLATFORMER,EA,NSW,08-Apr-22,14633382686,20
Unsighted (Limited Run Games)   Switch,54.99,UNSIGHTED is on a region-free physical cart for the Nintendo Switch.,Teen,ACTION,LRGAMES,NSW,27-May-22,0.1500 lbs,22
Unsighted Collectors Edition (Limited Run Games)   Switch,94.99,Limit 1 per customer. Subsequent orders will be subject to cancellation.,Teen,ACTION,LRGAMES,NSW,27-May-22,0.4200 lbs,43
Unsouled   Switch,44.99,"BRAND NEW and SEALED Nintendo Switch Game.
Note: Can be played on the Nintendo Switch.",Teen,ACTION,REDART,NSW,08-Sep-23,0.1150 lbs,19
Valis II 2 (Limited Run Games)   Switch,69.99,Limit 1 per customer. Subsequent orders will be subject to cancellation.,Teen,ACTION,LRGAMES,NSW,16-Sep-22,0.1300 lbs,25
Valis The Fantasm Soldier Collection (Limited Run Games)   Switch,59.99,Valis: The Fantasm Soldier Collection is on a region-free physical cart for the Nintendo Switch.,Teen,ACTION,LRGAMES,NSW,07-Jan-22,0.1350 lbs,11
Valis the Fantasm Soldier Collection Collectors Edition (LRG)   Switch,134.99,Limit 1 per customer. Subsequent orders will be subject to cancellation.,Teen,ACTION,LRGAMES,NSW,07-Jan-22,0.8450 lbs,28
Valthirian Arc 2 Hero School Story 2   Switch,49.99,"BRAND NEW and SEALED Nintendo Switch Game.
Note: Can be played on the Nintendo Switch.",Everyone_10_Plus,RPG,PQUBE,NSW,22-Jun-23,0.1250 lbs,20
Vampire the Masquerade Coteries and Shadows of New York   Switch,49.99,"BRAND NEW and SEALED Nintendo Switch Game.
Note: Can be played on the Nintendo Switch.",Mature,RPG,FUNSTOCK,NSW,29-Sep-23,0.1200 lbs,27
Vampyr   Switch,64.99,"BRAND NEW and SEALED Nintendo Switch Game.
Note: Can be played on the Nintendo Switch Only.",Mature,ACTION,MAXIMUM,NSW,29-Oct-19,0.1200 lbs,32
Vegas Party   Switch,39.99,"BRAND NEW and SEALED Nintendo Switch Game.
Note: Can be played on the Nintendo Switch.",Teen,PARTY,GAME S2,NSW,27-Sep-22,0.1200 lbs,23
Vernal Edge   Switch,49.99,"BRAND NEW and SEALED Nintendo Switch Game.
Note: Can be played on the Nintendo Switch.",Teen,ACTION,REDART,NSW,12-Dec-23,,37
Virche Evermore Error Salvation   Switch,69.99,"BRAND NEW and SEALED Nintendo Switch Game.
Note: Can be played on the Nintendo Switch.",Mature,VISUAL,AKSYS,NSW,09-Nov-23,0.1650 lbs,20
Virtuaverse (Limited Run Games)   Switch,54.99,Limit 1 per customer. Subsequent orders will be subject to cancellation.,Mature,ACTION,LRGAMES,NSW,29-Nov-22,0.1250 lbs,12
Void Trrlm2 Void Terrarium 2 Deluxe Edition   Switch,69.99,"BRAND NEW and SEALED Nintendo Switch Game.
Note: Can be played on the Nintendo Switch.",Teen,ACTION,TECMO KOEI,NSW,28-Feb-23,0.1400 lbs,44
Waifu Uncovered (EU Import)   Switch,49.99,"BRAND NEW and SEALED Nintendo Switch Game.
Note: Can be played on the Nintendo Switch.",Mature,ARCSHOOT,FUNBOX,NSW,20-Nov-20,0.2300 lbs,34
Warborn (EU Import)   Switch,39.99,"BRAND NEW and SEALED Nintendo Switch Game.
Note: Can be played on the Nintendo Switch Only.",Everyone_10_Plus,RPG,PQUBE,NSW,02-Oct-20,0.1250 lbs,48
Wargroove Deluxe Edition (EU Import)   Switch,49.99,"BRAND NEW and SEALED Nintendo Switch Game.
Note: Can be played on the Nintendo Switch.",Everyone_10_Plus,STRATEGY,SOLDOUT,NSW,29-Oct-19,0.1750 lbs,43
"Warhammer 40,000 Boltgun   Switch",49.99,"BRAND NEW and SEALED Nintendo Switch Game.
Note: Can be played on the Nintendo Switch.",Mature,FPS,MAXIMUM,NSW,05-Sep-23,0.1150 lbs,47
Warioware Get It Together   Switch,64.99,"BRAND NEW and SEALED Nintendo Switch Game.
Note: Can be played on the Nintendo Switch.",Everyone_10_Plus,PARTY,NINTENDO,NSW,10-Sep-21,45496597511,10
Warioware Get It Together (UAE)   Switch,59.99,"BRAND NEW and SEALED Nintendo Switch Game.
Note: Can be played on the Nintendo Switch.",Everyone_10_Plus,PARTY,NINTENDO,NSW,10-Sep-21,0.1250 lbs,38
WarioWare Move It   Switch,64.99,Strike a pose with a multitude of motion-based microgames in a brand-new entry in the WarioWare series!,Everyone_10_Plus,PARTY,NINTENDO,NSW,03-Nov-23,45496599669,45
We Are Ofk   Switch,44.99,"BRAND NEW and SEALED Nintendo Switch Game.
Note: Can be played on the Nintendo Switch.",Mature,ADVENTURE,IAM8BIT,NSW,27-Oct-22,0.1200 lbs,45
We Love Katamari Reroll + Royal Reverie   Switch,69.99,"Keep it rolling! The quirky and groundbreaking game is back with new features for all to enjoy. A faithful reproduction of the original work released in 2005, with a modern touch!",Everyone,ACTION,NAMCOBANDA,NSW,02-Jun-23,0.1250 lbs,46
Weird West Definitive Edition   Switch,69.99,"BRAND NEW and SEALED Nintendo Switch Game.
Note: Can be played on the Nintendo Switch.",Mature,ACT/AD,U&I ENTMNT,NSW,31-Dec-24,,12
Weird West Definitive Edition Deluxe   Switch,79.99,"BRAND NEW and SEALED Nintendo Switch Game.
Note: Can be played on the Nintendo Switch.",Mature,ACT/AD,U&I ENTMNT,NSW,31-Dec-24,,15
West of Dead Path of the Crow (Limited Run Games)   Switch,54.99,"West of Dead is on a region-free physical cart for the Nintendo Switch.
This is not a numbered release, and thus is not a part of the Limited Run Games Collection.. Missing out on this release will not compromise a complete Limited Run set.",Teen,ACTION,LRGAMES,NSW,18-May-21,0.1250 lbs,31
What the Golf?   Switch,49.99,"The golf game for people who hate golf! WHAT THE GOLF? is a silly reinvention of golf that doesn�t care too much about rules, pars, eagles, or any of that. You get to hit things and they fly away with fun physics. It�s a goofy game that borrowed the shooting mechanic from golf but uses it for moving houses, driving cars, and golfing people. WHAT THE GOLF? isn�t just a question   it�s also a game that exploits, to excellent comic hijinx, the scientific principles of physics. In addition, it oh so poetically queries   why do we only golf using golf balls? Why not cars? Office chairs? Even horses or giraffes? This is one of those rare, brilliant and absolutely hilarious gameplay experiences that doesn�t just entertain, it reminds us that innovation comes in all forms, including via a surplus of whimsy. We dare you not to smile while trying to 9-iron a mobile home for a hole-in-one. WHAT THE GOLF has a wide range of different mini-game like levels that all have slightly different mechanics. Bring your car to the Driving Range, golf a bird to get a Birdy, or a house and get a Home In One!",Everyone,SPORTS,IAM8BIT,NSW,25-Sep-20,0.1200 lbs,47
Where the Water Tastes Like Wine (Limited Run Games)   Switch,59.99,Where The Water Tastes Like Wine is on a region-free physical cartridge for the Nintendo Switch.,,,,,,,39
Where the Water Tastes Like Wine (Steelbook) (Limited Run Games)   Switch,79.99,Where The Water Tastes Like Wine is on a region-free physical cartridge for the Nintendo Switch. Includes a premium SteelBook.,,,,,,,1
White Day   Switch,49.99,"BRAND NEW and SEALED Nintendo Switch Game.
Note: Can be played on the Nintendo Switch.",Teen,HORROR,PQUBE,NSW,08-Sep-22,0.1200 lbs,43
Who Wants to Be a Millionaire   Switch,39.99,"BRAND NEW and SEALED Nintendo Switch Game.
Note: Can be played on the Nintendo Switch Only.",Everyone,PUZZLE,MAXIMUM,NSW,17-Nov-20,0.1250 lbs,16
Wildshade Unicorn Champions   Switch,49.99,"BRAND NEW and SEALED Nintendo Switch Game.
Note: Can be played on the Nintendo Switch.",Rating Pending,RACING,MAXIMUM,NSW,14-Dec-23,,41
Windjammers 2 (Limited Run Games)   Switch,54.99,Windjammers 2 is on a region-free physical cart for the Nintendo Switch.,Everyone,SPORTS,LRGAMES,NSW,17-Dec-21,0.1450 lbs,45
Windjammers 2 Collectors Edition (Limited Run Games)   Switch,99.99,Windjammers 2 is on a region-free physical cart for the Nintendo Switch.,Everyone,SPORTS,LRGAMES,NSW,17-Dec-21,1.0150 lbs,48
Windstorm Start of a Great Friendship   Switch,39.99,"BRAND NEW and SEALED Nintendo Switch Game.
Note: Can be played on the Nintendo Switch.",Everyone,ADVENTURE,MAXIMUM,NSW,27-Sep-22,0.1200 lbs,2
Wing of Darkness (Japanese Import) English Subtitles   Switch,49.99,"BRAND NEW and SEALED Nintendo Switch Game.
Note: Can be played on the Nintendo Switch Only.",Not Specified,SIMULATION,OTHER,NSW,25-Feb-21,0.1300 lbs,18
Winters Wish Spirit of Edo   Switch,64.99,"BRAND NEW and SEALED Nintendo Switch Game.
Note: Can be played on the Nintendo Switch.",Teen,ADVENTURE,AKSYS,NSW,18-May-23,0.1650 lbs,27
Witch On Holy Night (Japanese Release) (English)   Switch,74.99,"BRAND NEW and SEALED Nintendo Switch Game.
Note: Can be played on the Nintendo Switch.",Mature,VISUAL,ANIPLEX,NSW,08-Dec-22,0.1250 lbs,35
Witch On Holy Night Limited Edition (Japanese Release) (English)   Switch,99.99,"BRAND NEW and SEALED Nintendo Switch Game.
Note: Can be played on the Nintendo Switch.",Mature,VISUAL,ANIPLEX,NSW,08-Dec-22,1.3250 lbs,45
Witcher 3 Complete Edition Game of the Year   Switch,79.99,,Mature,RPG,WARNER,NSW,15-Oct-19,8.8393E+11,6
Pokemon Brilliant Diamond   Switch,79.99,"BRAND NEW and SEALED Nintendo Switch Game.
Note: Can be played on the Nintendo Switch.",Everyone,RPG,NINTENDO,NSW,19-Nov-21,45496597801,15
Pokemon Brilliant Diamond (UK Import)   Switch,69.99,"BRAND NEW and SEALED Nintendo Switch Game.
Note: Can be played on the Nintendo Switch.",Everyone,RPG,NINTENDO,NSW,19-Nov-21,0.1250 lbs,35
Pokemon Brilliant Diamond and Shining Pearl Double Pack   Switch,159.99,"BRAND NEW and SEALED Nintendo Switch Game.
Note: Can be played on the Nintendo Switch.",Everyone,RPG,NINTENDO,NSW,19-Nov-21,0.3000 lbs,39
Pokemon Brilliant Diamond/Shining Pearl Double Pack (Japanese Release) (English)   Switch,169.99,"BRAND NEW and SEALED Nintendo Switch Game.
Note: Can be played on the Nintendo Switch.",Everyone,RPG,NINTENDO,NSW,19-Nov-21,0.3700 lbs,12
Pokemon Legends Arceus   Switch,79.99,,Everyone,RPG,NINTENDO,NSW,28-Jan-22,45496598044,21
Pokemon Lets Go Eevee (UAE)   Switch,79.99,"BRAND NEW and SEALED Nintendo Switch Game.
Note: Can be played on the Nintendo Switch Only.",Everyone,RPG,NINTENDO,NSW,16-Nov-18,0.1300 lbs,7
Pokemon Lets Go Pikachu (EU Import)   Switch,79.99,"BRAND NEW and SEALED Nintendo Switch Game.
Note: Can be played on the Nintendo Switch Only.",Everyone,RPG,NINTENDO,NSW,16-Nov-18,0.1150 lbs,4
Pokemon Lets Go Pikachu (UAE)   Switch,79.99,"BRAND NEW and SEALED Nintendo Switch Game.
Note: Can be played on the Nintendo Switch Only.",Everyone,RPG,NINTENDO,NSW,16-Nov-18,0.1350 lbs,21
Pokemon Scarlet   Switch,79.99,,Everyone,RPG,NINTENDO,NSW,18-Nov-22,45496598211,42
Pokemon Scarlet and Violet Double Pack   Switch,159.99,,Everyone,RPG,NINTENDO,NSW,18-Nov-22,0.2950 lbs,16
Pokemon Scarlet The Hidden Treasure of Area Zero Bundle (Game and DLC)   Switch,124.99,"BRAND NEW and SEALED Nintendo Switch Game.
Note: Can be played on the Nintendo Switch.",Everyone,RPG,NINTENDO,NSW,03-Nov-23,45496904746,36
Pokemon Shield   Switch,79.99,"BRAND NEW and SEALED Nintendo Switch Game.
Note: Can be played on the Nintendo Switch Only.",Everyone,RPG,NINTENDO,NSW,15-Nov-19,45496596620,2
Pokemon Shining Pearl   Switch,79.99,,Everyone,RPG,NINTENDO,NSW,19-Nov-21,45496597832,19
Pokemon Shining Pearl (UAE)   Switch,74.99,"BRAND NEW and SEALED Nintendo Switch Game.
Note: Can be played on the Nintendo Switch.",Everyone,ADVENTURE,NINTENDO,NSW,045496597832-B,,12
Pokemon Sword   Switch,79.99,"BRAND NEW and SEALED Nintendo Switch Game.
Note: Can be played on the Nintendo Switch Only.",Everyone,RPG,NINTENDO,NSW,15-Nov-19,45496596583,33
Pokemon Violet   Switch,79.99,,Everyone,RPG,NINTENDO,NSW,18-Nov-22,45496598969,14
Pokemon Violet The Hidden Treasure of Area Zero Bundle (Game and DLC)   Switch,124.99,"BRAND NEW and SEALED Nintendo Switch Game.
Note: Can be played on the Nintendo Switch.",Everyone,RPG,NINTENDO,NSW,03-Nov-23,45496904777,8
Pokken Tournament DX   Switch,79.99,,Everyone_10_Plus,FIGHTING,NINTENDO,NSW,22-Sep-17,45496591137,26
Postal Redux (Limited Run Games)   Switch,54.99,Postal REDUX is on a region-free physical cart for the Nintendo Switch.,Mature,ACTION,LRGAMES,NSW,15-Mar-22,0.1150 lbs,26
Power Rangers Battle for the Grid Collectors Edition   Switch,39.99,"BRAND NEW and SEALED Nintendo Switch Game.
Note: Can be played on the Nintendo Switch Only.",Teen,FIGHTING,MAXIMUM,NSW,13-Oct-20,0.1250 lbs,39
Powerwash Simulator (Code in Box)   Switch,39.99,"BRAND NEW and SEALED Nintendo Switch Game.
Note: Can be played on the Nintendo Switch.",Everyone,SIMULATION,SQUAREENIX,NSW,13-Jun-23,0.1200 lbs,8
Pretty Girls Game Collection (EU Import)   Switch,59.99,"BRAND NEW and SEALED Nintendo Switch Game.
Note: Can be played on the Nintendo Switch.",Teen,COLLECTION,FUNBOX,NSW,05-Aug-22,0.1250 lbs,27
Pretty Princess Magical Garden Island   Switch,54.99,"BRAND NEW and SEALED Nintendo Switch Game.
Note: Can be played on the Nintendo Switch.",Everyone,STRATEGY,AKSYS,NSW,22-Jun-23,0.1200 lbs,10
Prince of Persia The Lost Crown   Switch,69.99,"BRAND NEW and SEALED Nintendo Switch Game.
Note: Can be played on the Nintendo Switch.",Rating Pending,ACTION,UBISOFT,NSW,18-Jan-24,,50
Princess Peach Showtime   Switch,79.99,"BRAND NEW and SEALED Nintendo Switch Game.
Note: Can be played on the Nintendo Switch.",Rating Pending,ACTION,NINTENDO,NSW,22-Mar-24,,18
Process of Elimination Deluxe Edition   Switch,69.99,"BRAND NEW and SEALED Nintendo Switch Game.
Note: Can be played on the Nintendo Switch.",Mature,ADVENTURE,TECMO KOEI,NSW,11-Apr-23,0.1600 lbs,36
Pups and Purrs Pet Shop   Switch,54.99,"BRAND NEW and SEALED Nintendo Switch Game.
Note: Can be played on the Nintendo Switch.",Everyone,SIMULATION,AKSYS,NSW,10-Aug-23,0.1900 lbs,24
Puyo Puyo Tetris   Switch,39.99,"BRAND NEW and SEALED Nintendo Switch Game.
Note: Can be played on the Nintendo Switch Only.",Everyone_10_Plus,PUZZLE,SEGA,NSW,25-Apr-17,0.2200 lbs,22
Puyo Puyo Tetris 2 Launch Edition   Switch,54.99,"BRAND NEW and SEALED Nintendo Switch Game.
Note: Can be played on the Nintendo Switch Only.",Everyone_10_Plus,PUZZLE,SEGA,NSW,08-Dec-20,0.1300 lbs,32
Quake (Limited Run Games)   Switch,49.99,Quake on physical cart for the Nintendo Switch. Region-free.,Mature,FPS,LRGAMES,NSW,27-Aug-21,0.1300 lbs,38
Quake Deluxe Edition (Limited Run Games)   Switch,114.99,Quake on physical cart for the Nintendo Switch. Region-free.,Mature,FPS,LRGAMES,NSW,27-Aug-21,1.0850 lbs,15
Quake Ultimate Edition (Limited Run Games)   Switch,244.99,Quake on physical cart for the Nintendo Switch. Region-free.,Mature,FPS,LRGAMES,NSW,27-Aug-21,5.8100 lbs,49
R Type Tactics I II 1 2 Cosmos Deluxe Edition   Switch ,69.99,"BRAND NEW and SEALED Nintendo Switch Game.
Note: Can be played on the Nintendo Switch.",None Selected,STRATEGY,TECMO KOEI,NSW,31-Jul-24,0.1900 lbs,1
Rabbids Party of Legends   Switch,49.99,,Everyone,ACT/ADV,UBISOFT,NSW,30-Jun-22,0.1250 lbs,34
Race With Ryan   Switch,39.99,,,,,,,,38
Race With Ryan Road Trip Deluxe Edition   Switch,39.99,"BRAND NEW and SEALED Nintendo Switch Game.
Note: Can be played on the Nintendo Switch Only.",Everyone,RACING,U&I ENTMNT,NSW,16-Oct-20,0.1200 lbs,1
Radiant Tale   Switch,69.99,"BRAND NEW and SEALED Nintendo Switch Game.
Note: Can be played on the Nintendo Switch.",Teen,VISUAL,AKSYS,NSW,27-Jul-23,0.1650 lbs,48
Raiden IV X Mikado Remix (Japanese Release)   Switch,54.99,"BRAND NEW and SEALED Nintendo Switch Game.
Note: Can be played on the Nintendo Switch Only.",Everyone,ARCSHOOT,MOSS,NSW,22-Apr-21,0.1300 lbs,17
Raiden IV X Mikado Remix and V Directors Cut Dual Pack (Limited Run Games)   Switch,74.99,Raiden IV x MIKADO remix & Raiden V: Director�s Cut Dual Pack is on a region-free physical cart for the Nintendo Switch.,,,,,,,36
Railway Empire   Switch,54.99,,Everyone,SIMULATION,KALYPSO,NSW,19-Jun-20,0.1200 lbs,39
Ray�z Arcade Chronology (JPIM) (Multi-Language)   Switch,79.99,"BRAND NEW and SEALED Nintendo Switch Game.
Note: Can be played on the Nintendo Switch.",Everyone,ARCSHOOT,TAITO,NSW,09-Mar-23,0.1300 lbs,39
Rayman Legends   Switch,29.99,"Rayman, Globox, and the Teensies are off wandering through an enchanted forest when they discover a mysterious tent filled with a series of captivating paintings. As they look more closely, they notice each painting seems to tell the story of a mythical world. While focusing on a painting that shows a medieval land, they are suddenly sucked into the painting, entering the world, and the adventure begins.",Everyone_10_Plus,PLATFORMER,UBISOFT,NSW,12-Sep-17,8.87256E+11,26
Record of Agarest War   Switch,54.99,"BRAND NEW and SEALED Nintendo Switch Game.
Note: Can be played on the Nintendo Switch.",Teen,RPG,AKSYS,NSW,09-Mar-23,0.1200 lbs,49
Record of Agarest War Limited Edition   Switch,124.99,"BRAND NEW and SEALED Nintendo Switch Game.
Note: Can be played on the Nintendo Switch.",Teen,RPG,AKSYS,NSW,09-Mar-23,1.3000 lbs,6
Red Dead Redemption   Switch,64.99,"When federal agents threaten his family, former outlaw John Marston is forced to hunt down the gang of criminals he once called friends. Experience Marston�s journey across the sprawling expanses of the American West and Mexico as he fights to bury his blood-stained past in the critically acclaimed predecessor to the 2018 blockbuster, Red Dead Redemption 2. Also included is Undead Nightmare, the iconic horror story that transforms the world of Red Dead Redemption into an apocalyptic fight for survival against a zombie horde.",Mature,ACT/AD,NINTENDO,NSW,13-Oct-23,45496599782,6
Redout 2 Deluxe Edition   Switch,39.99,"BRAND NEW and SEALED Nintendo Switch Game.
Note: Can be played on the Nintendo Switch.",Everyone,RACING,MAXIMUM,NSW,06-Dec-22,0.1200 lbs,13
Redout Space Assault (Limited Run Games)   Switch,49.99,Redout: Space Assault is on a region-free physical cart for the Nintendo Switch.,Everyone_10_Plus,ARCSHOOT,LRGAMES,NSW,05-Nov-21,0.1300 lbs,16
Regions of Ruin (Limited Run Games)   Switch,49.99,Regions of Ruin is on a region-free physical cart for the Nintendo Switch.,,,,,,,45
Republique Anniversary Edition (Limited Run Games)   Switch,49.99,Republique: Anniversary Edition is on a region-free physical cart for the Nintendo Switch.,Mature,ACTION,LRGAMES,NSW,02-Jul-21,0.1550 lbs,5
Republique Anniversary Edition Collectors Edition (Limited Run Games)   Switch,109.99,REPUBLIQUE: Anniversary Edition is on a region-free physical cart for the Nintendo Switch.,Mature,ACTION,LRGAMES,NSW,02-Jul-21,1.3750 lbs,38
Resident Evil Origins Collection   Switch,59.99,"BRAND NEW and SEALED Nintendo Switch Game.
Note: Can be played on the Nintendo Switch Only.",Mature,HORROR,CAPCOM,NSW,21-May-19,13388410118,10
Resident Evil Revelations Collection   Switch,39.99,"BRAND NEW and SEALED Nintendo Switch Game.
Note: Can be played on the Nintendo Switch Only.",Mature,HORROR,CAPCOM,NSW,28-Nov-17,13388410019,13
"Resident Evil Triple Pack (Re4, 5, and 6)   Switch",49.99,,,,,,,,13
Rhapsody Marl Kingdom Chronicles Deluxe Edition   Switch,69.99,"BRAND NEW and SEALED Nintendo Switch Game.
Note: Can be played on the Nintendo Switch.",Teen,RPG,TECMO KOEI,NSW,29-Aug-23,1.5500 lbs,40
Rico   Switch,39.99,"BRAND NEW and SEALED Nintendo Switch Game.
Note: Can be played on the Nintendo Switch Only.",Mature,FPS,RISINGSTAR,NSW,12-Mar-19,0.1250 lbs,24
Rico London   Switch,64.99,"BRAND NEW and SEALED Nintendo Switch Game.
Note: Can be played on the Nintendo Switch.",Mature,FPS,AKSYS,NSW,09-Dec-21,0.1200 lbs,11
Rifftrax The Game (Limited Run Games)   Switch ,39.99,RiffTrax: The Game is on a region-free physical cart for the Nintendo Switch.,Teen,PARTY,LRGAMES,NSW,15-Dec-23,,50
Ring Fit Adventure   Switch,99.99,,Everyone_10_Plus,FITNESS,NINTENDO,NSW,18-Oct-19,1.6600 lbs,10
Riot Civil Unrest   Switch,49.99,"BRAND NEW and SEALED Nintendo Switch Game.
Note: Can be played on the Nintendo Switch Only.",Mature,SIMULATION,MERGE,NSW,02-Feb-19,0.1300 lbs,1
Rivals of Aether (Limited Run Games)   Switch,,Rivals of Aether is on a region-free physical cart for the Nintendo Switch.,Everyone_10_Plus,FIGHTING,LRGAMES,NSW,11-Dec-20,0.2000 lbs,37
Rivals of Aether Collectors Edition (Limited Run Games)   Switch,129.99,Rivals of Aether is on a region-free physical cart for the Nintendo Switch.,Everyone_10_Plus,FIGHTING,LRGAMES,NSW,11-Dec-20,1.1750 lbs,36
River City Girls 2 (Limited Run Games)   Switch,59.99,Limit 1 per customer. Subsequent orders will be subject to cancellation.,Everyone_10_Plus,ACTION,LRGAMES,NSW,09-Sep-22,0.1900 lbs,45
River City Girls Zero (Limited Run Games)   Switch,54.99,River City Girls Zero is on a region-free physical cart for the Nintendo Switch.,Everyone_10_Plus,ACTION,LRGAMES,NSW,28-Jan-22,0.1550 lbs,11
River City Girls Zero Classic Edition (Limited Run Games)   Switch,94.99,Limit 1 per customer. Subsequent orders will be subject to cancellation.,Everyone_10_Plus,ACTION,LRGAMES,NSW,28-Jan-22,0.3850 lbs,8
River City Girls Zero Ultimate Edition (Limited Run Games)   Switch,219.99,Limit 1 per customer. Subsequent orders will be subject to cancellation.,Everyone_10_Plus,ACTION,LRGAMES,NSW,28-Jan-22,1.1650 lbs,19
River City Rival Showdown (JPIM) (English Language)   Switch,39.99,"BRAND NEW and SEALED Nintendo Switch Game.
Note: Can be played on the Nintendo Switch.",Rating Pending,ACTION,ARC,NSW,31-Oct-23,0.2600 lbs,33
River City Saga Three Kingdoms (ASIM)   Switch,64.99,,Everyone_10_Plus,ACTION,ARC,NSW,21-Jul-22,0.1250 lbs,20
Riverbond (Limited Run Games)   Switch,59.99,Riverbond is on a region-free physical cartridge for Nintendo Switch.,Everyone_10_Plus,ACTION,LRGAMES,NSW,07-Sep-21,0.1750 lbs,50
Rock of Ages 3   Switch,39.99,"BRAND NEW and SEALED Nintendo Switch Game.
Note: Can be played on the Nintendo Switch Only.",Teen,ACTION,MAXIMUM,NSW,21-Jul-20,0.1250 lbs,30
Roller Coaster Tycoon Adventures Deluxe   Switch,49.99,"BRAND NEW and SEALED Nintendo Switch Game.
Note: Can be played on the Nintendo Switch.",Everyone,SIMULATION,U&I ENTMNT,NSW,03-Nov-23,0.1150 lbs,26
Romancing Saga Minstrel Song Remastered (ASIM) (English Language)   Switch,64.99,"BRAND NEW and SEALED Nintendo Switch Game.
Note: Can be played on the Nintendo Switch Only.",Teen,RPG,SQUAREJP,NSW,01-Dec-22,0.1200 lbs,34
Root Double   Switch,64.99,"BRAND NEW and SEALED Nintendo Switch Game.
Note: Can be played on the Nintendo Switch Only.",Mature,VISUAL,ININ,NSW,29-Jan-21,0.1200 lbs,46
Root Film   Switch,69.99,"BRAND NEW and SEALED Nintendo Switch Game.
Note: Can be played on the Nintendo Switch.",Mature,VISUAL,PQUBE,NSW,19-Mar-21,0.1200 lbs,6
Rune Factory 3 Special   Switch,54.99,,Teen,RPG,XSEED,NSW,05-Sep-23,0.1650 lbs,5
11 11 Memories Retold (EU Import)   Xbox One,24.99,"BRAND NEW and SEALED Microsoft Xbox One Game.
Note: Can be played on the Microsoft Xbox One.",Mature,ADVENTURE,NAMCOBEU,XBOX ONE,09-Nov-18,0.1650 lbs,30
2Dark Limited Edition   Xbox One,49.99,,Mature,HORROR,BIGBEN,XBOX ONE,3.49955E+12,,42
8 Bit Armies   Xbox One,39.99,,Everyone_10_Plus,RTS,SODESCO,XBOX ONE,21-Sep-18,0.1500 lbs,22
A Way Out   Xbox One,39.99,,Mature,ACTION,EA,XBOX ONE,23-Mar-18,14633739152,28
Agents of Mayhem M.A.Y.H.E.M. Day One   Xbox One,19.99,,Mature,ACTION,SQUAREENIX,XBOX ONE,15-Aug-17,8.16819E+11,6
Agony   Xbox One,49.99,,Mature,HORROR,MAXIMUM,XBOX ONE,29-May-18,0.1500 lbs,4
Ai the Somnium Files Nirvana Initiative Collectors Edition   Xbox One,159.99,"BRAND NEW and SEALED Microsoft Xbox Game.
Note: Can be played on the Microsoft Xbox One or Series X.",Mature,ADVENTURE,SPIKECHUNS,XBOX ONE,24-Jun-22,1.3500 lbs,37
Alekhines Gun   Xbox One,19.99,,Mature,ACT/ADV,MAXIMUM,XBOX ONE,01-Mar-16,0.1750 lbs,2
Alex Kidd in Miracle World Dx   Xbox One,39.99,"BRAND NEW and SEALED Microsoft Xbox One Game.
Note: Can be played on the Microsoft Xbox One.",Everyone,PLATFORMER,MERGE,XBOX ONE,29-Jun-21,0.2400 lbs,15
Aliens Fireteam Elite   Xbox One,39.99,"BRAND NEW and SEALED Microsoft Xbox Game.
Note: Can be played on the Microsoft Xbox One or Series X.",Mature,RPG,COLDIRON,XBOX ONE,24-Aug-21,0.1600 lbs,1
Anthem   Xbox One,,,Teen,RPG,EA,XBOX ONE,22-Feb-19,14633735253,28
Anthem Legion of Dawn Edition   Xbox One,24.99,,Teen,RPG,EA,XBOX ONE,22-Feb-19,14633739190,34
Apex Legends Lifeline Edition   Xbox One,9.99,,Teen,FPS,EA,XBOX ONE,18-Oct-19,0.1700 lbs,4
Ark Survival Evolved   Xbox One,29.99,,Teen,SURVIVAL,STUDIOWC,XBOX ONE,29-Aug-17,8.84095E+11,14
Armored Core VI 6 Fires of Rubicon   Xbox One,79.99,"BRAND NEW and SEALED Microsoft Xbox Game.
Note: Can be played on the Microsoft Xbox One and Series X.",Teen,ACTION,NAMCOBANDA,XBOX ONE,25-Aug-23,0.1600 lbs,11
Ary and the Secret of Seasons   Xbox One,49.99,"BRAND NEW and SEALED Microsoft Xbox One Game.
Note: Can be played on the Microsoft Xbox One Only.",Everyone_10_Plus,ACT/AD,MAXIMUM,XBOX ONE,01-Sep-20,0.1600 lbs,32
Assassins Creed Mirage (Smart Delivery)   Xbox Series X,69.99,"BRAND NEW and SEALED Microsoft Xbox Series X Game.
Note: Can be played on the Microsoft Xbox Series X.",Mature,ACTION,UBISOFT,XBOX X,05-Oct-23,0.1650 lbs,15
Assassins Creed Mirage Deluxe Edition (Smart Delivery)   Xbox Series X,79.99,"BRAND NEW and SEALED Microsoft Xbox Series X Game.
Note: Can be played on the Microsoft Xbox Series X.",Mature,ACTION,UBISOFT,XBOX X,05-Oct-23,0.1650 lbs,28
Assassins Creed Odyssey Deluxe Edition   Xbox One,79.99,,Mature,ACTION,UBISOFT,XBOX ONE,05-Oct-18,0.1800 lbs,2
Assassins Creed Origins Deluxe Edition   Xbox One,89.99,,Mature,ACTION,UBISOFT,XBOX ONE,27-Oct-17,0.1800 lbs,6
Assassins Creed Syndicate Gold Edition   Xbox One,119.99,"Gold Edition Includes Game+ Season Pass   Hunt down Jack the Ripper in an all-new campaign, expand your experience with new missions, upgrade your arsenal with top-tier gear sets, and more.",Mature,ACT/AD,UBISOFT,XBOX ONE,23-Oct-15,0.1750 lbs,4
Assassins Creed Valhalla   Xbox One,79.99,"BRAND NEW and SEALED Microsoft Xbox One Game.
Note: Can be played on the Microsoft Xbox One Only.",Mature,ACTION,UBISOFT,XBOX ONE,10-Nov-20,8.87256E+11,20
Assetto Corsa Competizione   Xbox One,59.99,"BRAND NEW and SEALED Microsoft Xbox One Game.
Note: Can be played on the Microsoft Xbox One Only.",Everyone,RACING,505 GAMES,XBOX ONE,23-Jun-20,8.12872E+11,40
Atari Flashback Volume 1   Xbox One,29.99,,Everyone,COLLECTION,ATARI GAME,XBOX ONE,01-Nov-16,0.1550 lbs,34
Atari Flashback Volume 2   Xbox One,29.99,,Everyone,COLLECTION,ATARI GAME,XBOX ONE,01-Nov-16,0.1550 lbs,24
ATV Renegades   Xbox One,39.99,,Everyone,RACING,NIGHTHAWK,XBOX ONE,18-Apr-17,0.1600 lbs,16
Aven Colony   Xbox One,44.99,,Everyone_10_Plus,STRATEGY,U&I ENTMNT,XBOX ONE,01-Aug-17,0.1650 lbs,36
Back 4 Blood   Xbox One,39.99,"BRAND NEW and SEALED Microsoft Xbox One Game.
Note: Can be played on the Microsoft Xbox One.",Mature,FPS,WARNER,XBOX ONE,12-Oct-21,8.8393E+11,23
Balan Wonderworld   Xbox One,29.99,"BRAND NEW and SEALED Microsoft Xbox One Game.
Note: Can be played on the Microsoft Xbox One Only.",Everyone_10_Plus,PLATFORMER,SQUAREENIX,XBOX ONE,26-Mar-21,0.1850 lbs,7
Bards Tale IV 4 Directors Cut   Xbox One,49.99,,Teen,RPG,U&I ENTMNT,XBOX ONE,11-Oct-19,0.1650 lbs,21
Batman Arkham Collection (EU Import)   Xbox One,49.99,"BRAND NEW and SEALED Microsoft Xbox One Game.
Note: Can be played on the Microsoft Xbox One Only.",Mature,ACT/AD,WARNER,XBOX ONE,24-Jan-20,0.1950 lbs,47
Battle Worlds Kronos   Xbox One,19.99,,Everyone_10_Plus,STRATEGY,NORDIC,XBOX ONE,10-May-16,0.1750 lbs,37
Battleborn   Xbox One,19.99,,Teen,MOBA,TAKE 2,XBOX ONE,03-May-16,0.1700 lbs,19
Battlefield 1   Xbox One,19.99,,Mature,FPS,EA,XBOX ONE,21-Oct-16,14633368659,5
Battlefield 1 Revolution Edition   Xbox One,19.99,,Mature,FPS,EA,XBOX ONE,21-Aug-17,14633372984,8
Battlefield 2042   Xbox One,24.99,"BRAND NEW and SEALED Microsoft Xbox One Game.
Note: Can be played on the Microsoft Xbox One.",Mature,FPS,EA,XBOX ONE,19-Nov-21,14633739749,38
Battlefield Hardline   Xbox One,19.99,,Mature,FPS,EA,XBOX ONE,17-Mar-15,14633732757,26
Battlefield Hardline Deluxe   Xbox One,29.99,Run your crew as detective Nick Mendoza in an episodic crime drama single player campaign or as cops and criminals in rapid Battlefield multi-player. You will be on one side of the thin blue line or the other,Mature,FPS,EA,XBOX ONE,17-Mar-15,14633368420,10
Battlefield V 5   Xbox One,9.99,,Mature,FPS,EA,XBOX ONE,20-Nov-18,14633737738,6
Battlefield V 5 Deluxe Edition   Xbox One,59.99,,Mature,FPS,EA,XBOX ONE,15-Nov-18,14633373936,25
Bee Simulator   Xbox One,49.99,"BRAND NEW and SEALED Microsoft Xbox One Game.
Note: Can be played on the Microsoft Xbox One Only.",Everyone,SIMULATION,MAXIMUM,XBOX ONE,03-Dec-19,0.1500 lbs,43
Biomutant   Xbox One,29.99,"BRAND NEW and SEALED Microsoft Xbox One Game.
Note: Can be played on the Microsoft Xbox One Only.",Teen,ACTION,NORDIC,XBOX ONE,25-May-21,8.11994E+12,9
Bioshock the Collection   Xbox One,49.99,,Mature,FPS,2K GAMES,XBOX ONE,13-Sep-16,7.10425E+11,15
Blazblue Chrono Phantasma Extend   Xbox One,54.99,,Teen,FIGHTING,AKSYS,XBOX ONE,30-Jun-15,0.1800 lbs,33
Bleeding Edge   Xbox One,39.99,,Teen,FIGHTING,MICROSOFT,XBOX ONE,24-Mar-20,8.89843E+11,39
Bloodstained Ritual of the Night   Xbox One,29.99,,Teen,ACTION,505 GAMES,XBOX ONE,18-Jun-19,8.12872E+11,42
Bluey The Video Game   Xbox One,49.99,"BRAND NEW and SEALED Microsoft Xbox Game.
Note: Can be played on the Microsoft Xbox One and Series X.",Rating Pending,ACTION,U&I ENTMNT,XBOX ONE,17-Nov-23,,10
Bomb Rush Cyberfunk   Xbox One,54.99,"BRAND NEW and SEALED Microsoft Xbox Game.
Note: Can be played on the Microsoft Xbox One and Series X.",Teen,ACTION,SKYBOUND,XBOX ONE,01-Dec-23,,44
Book of Unwritten Tales II 2   Xbox One,19.99,"Legends foretold it. Prophecies predicted it. Chosen ones chose to believe in it. Now the adventure saga continues. A sequel is coming. Join Wilbur, Ivo, Nate and Critter in another classic point-and-click adventure in the wicked world of Avent?sia. Help them fulfill their destiny. A destiny as yet unwritten",Teen,ADVENTURE,NORDIC,XBOX ONE,22-Sep-15,0.1750 lbs,4
Borderlands 3 Super Deluxe   Xbox One,79.99,,Mature,FPS,TAKE 2,XBOX ONE,13-Sep-19,7.10426E+11,46
Borderlands Handsome Collection   Xbox One,29.99,,Mature,ACT/AD,TAKE 2,XBOX ONE,24-Mar-15,7.10425E+11,31
Brothers Tale of Two Sons   Xbox One,24.99,Two sons must set out on a perilous journey to bring back the Water of Life to their ailing father,Teen,ADVENTURE,505 GAMES,XBOX ONE,01-Sep-15,0.1750 lbs,1
Brunswick Pro Bowling   Xbox One,29.99,,SPORTS,ALLIANCE,,Everyone_10_Plus,ALLIANCE,Game,14
Bulletstorm Full Clip Edition   Xbox One,29.99,,Mature,FPS,GEARBOX,XBOX ONE,07-Apr-17,8.50942E+11,37
Burnout Paradise Remastered   Xbox One,19.99,,Everyone_10_Plus,RACING,EA,XBOX ONE,16-Mar-18,14633373738,50
Call of Duty Advanced Warfare   Xbox One,39.99,"Call of Duty: Advanced Warfare envisions the powerful battlegrounds of the future, where both technology and tactic have evolved to usher in a new era of combat for the franchise. With exoskeletons delivering a massive force multiplier and unprecedented tactical freedom, COD:AW evolves every firefight.",Mature,FPS,ACTIVISION,XBOX ONE,04-Nov-14,47875884038,38
Call of Duty Black Ops Cold War   Xbox One,79.99,"BRAND NEW and SEALED Microsoft Xbox One Game.
Note: Can be played on the Microsoft Xbox One Only.",Mature,FPS,ACTIVISION,XBOX ONE,13-Nov-20,47875884977,19
Call of Duty Black Ops III 3   Xbox One,59.99,"In Black Ops 3, Treyarch introduces a new momentum-based chained-movement system which enables players to fluidly move through the environment with finesse, using controlled thrust jumps, slides, wall runs and mantling abilities in a myriad of combinations, all while continuously keeping full control over their weapon",Mature,FPS,ACTIVISION,XBOX ONE,06-Nov-15,47875881891,50
Call of Duty Black Ops III Zombie Chronicles Edition   Xbox One,69.99,,Mature,FPS,ACTIVISION,XBOX ONE,47875881235,0.1300 lbs,44
Call of Duty Black Ops IIII 4   Xbox One,64.99,,Mature,FPS,ACTIVISION,XBOX ONE,12-Oct-18,47875882294,23
Call of Duty Infinite Warfare   Xbox One,29.99,,Mature,FPS,ACTIVISION,XBOX ONE,04-Nov-16,0.1650 lbs,8
Call of Duty Infinite Warfare Legacy Edition   Xbox One,59.99,,Mature,FPS,ACTIVISION,XBOX ONE,04-Nov-16,0.1700 lbs,11
Call of Duty Infinite Warfare Legacy Pro Edition   Xbox One,99.99,"The Call of Duty: Infinite Warfare Legacy Pro Edition is the ultimate offering for fans with Call of Duty: Infinite Warfare, Call of Duty: Modern Warfare? Remastered, Call of Duty: Infinite Warfare Season Pass, and additional bonus content!",Mature,FPS,ACTIVISION,XBOX ONE,04-Nov-16,0.4200 lbs,8
Call of Duty Modern Warfare (2019)   Xbox One,79.99,,Mature,FPS,ACTIVISION,XBOX ONE,25-Oct-19,47875884328,1
Call of Duty Modern Warfare (2019) (AUs Import)   Xbox One,69.99,,,,,,,,35
Call of Duty Modern Warfare Remastered   Xbox One,49.99,,Mature,FPS,ACTIVISION,XBOX ONE,28-Jul-17,47875880757,2
Call of Duty Vanguard   Xbox One,79.99,"BRAND NEW and SEALED Microsoft Xbox One Game.
Note: Can be played on the Microsoft Xbox One.",Mature,FPS,ACTIVISION,XBOX ONE,05-Nov-21,47875102521,40
Call of Duty World War II 2   Xbox One,64.99,,Mature,FPS,ACTIVISION,XBOX ONE,03-Nov-17,47875881129,17
Call of Duty WWII & Infinite Warfare Combo Pack   Xbox One,79.99,,Mature,FPS,ACTIVISION,XBOX ONE,47875881716,,48
Capcom Fighting Collection   Xbox One,39.99,"BRAND NEW and SEALED Microsoft Xbox One Game.
Note: Can be played on the Microsoft Xbox One.",Teen,FIGHTING,CAPCOM,XBOX ONE,24-Jun-22,0.1750 lbs,2
Carnival Games   Xbox One,,,Everyone_10_Plus,PARTY,TAKE 2,XBOX ONE,06-Nov-18,0.1750 lbs,47
Cartoon Network Battle Crashers   Xbox One,39.99,,Everyone_10_Plus,FIGHTING,GAMEMILL,XBOX ONE,08-Nov-16,0.1550 lbs,32
COD Black Ops III 3 Zombie Chronicles Edition   PlayStation 4 PS4,69.99,,Mature,FPS,ACTIVISION,PS4,47875881198,0.1700 lbs,28
COD Call of Duty World At War (XB360/XB1 Compatible)   Xbox 360,69.99,"BRAND NEW and SEALED Microsoft XBOX 360 Game.
Note: Can be played on the Microsoft XBOX 360 Only.",Mature,FPS,ACTIVISION,XBOX 360,47875832817,47875881921,21
Code Vein   Xbox One,24.99,,Mature,ACTION,NAMCOBANDA,XBOX ONE,27-Sep-19,0.1550 lbs,46
Contra Rogue Corps   Xbox One,29.99,,Mature,ACTION,KONAMI,XBOX ONE,24-Sep-19,0.1700 lbs,36
Control   Xbox One,39.99,,Mature,TPS,505 GAMES,XBOX ONE,27-Aug-19,8.12872E+11,11
Crackdown 3   Xbox One,9.99,,Mature,OPENWORLD,MICROSOFT,XBOX ONE,15-Feb-19,8.89842E+11,22
Crash Bandicoot 4 Its About Time   Xbox One,79.99,"BRAND NEW and SEALED Microsoft Xbox One Game.
Note: Can be played on the Microsoft Xbox One Only.",Everyone_10_Plus,PLATFORMER,ACTIVISION,XBOX ONE,02-Oct-20,47875785502,2
Crash Bandicoot N-Sane Trilogy   Xbox One,49.99,,Everyone_10_Plus,ACTION,ACTIVISION,XBOX ONE,29-Jun-18,47875881969,23
Crash Team Racing Nitro Fueled   Xbox One,49.99,,Everyone_10_Plus,RACING,ACTIVISION,XBOX ONE,21-Jun-19,47875883932,45
Cris Tales   Xbox One,19.99,"BRAND NEW and SEALED Microsoft Xbox One Game.
Note: Can be played on the Microsoft Xbox One and Xbox Series X/S.",Everyone_10_Plus,RPG,MAXIMUM,XBOX ONE,20-Jul-21,0.2000 lbs,36
Crisis Core Final Fantasy VII 7 Reunion (Smart Delivery)   Xbox One,64.99,"BRAND NEW and SEALED Microsoft Xbox Game.
Note: Can be played on the Microsoft Xbox One and Series X.",Teen,RPG,SQUAREENIX,XBOX ONE,13-Dec-22,0.1600 lbs,37
Cuphead (Xbox)   Xbox One,49.99,,Everyone_10_Plus,ACTION,SKYBOUND,XBOX ONE,06-Dec-22,8.11949E+11,23
Dark Pictures Little Hope   Xbox One,29.99,"BRAND NEW and SEALED Microsoft Xbox One Game.
Note: Can be played on the Microsoft Xbox One Only.",Mature,HORROR,NAMCOBANDA,XBOX ONE,30-Oct-20,0.1550 lbs,7
Dark Pictures Man of Medan   Xbox One,24.99,,Mature,HORROR,NAMCOBANDA,XBOX ONE,30-Aug-19,0.1550 lbs,18
Dark Souls 2 Scholar of the First Sin   Xbox One,29.99,,Teen,RPG,NAMCOBANDA,XBOX ONE,07-Apr-15,7.22674E+11,25
Dark Souls III 3   Xbox One,29.99,DARK SOULS III is the latest chapter in the DARK SOULS series with its trademark sword and sorcery combat and rewarding action RPG gameplay. Players travel across a wide variety of locations in an interconnected world of unrelenting challenge and deep RPG gameplay as they search for a way to survive the coming apocalypse.,Mature,RPG,NAMCOBANDA,XBOX ONE,12-Apr-16,0.1500 lbs,25
Dark Souls III 3 Fire Fades Edition   Xbox One,29.99,,Mature,ACTION,NAMCOBANDA,XBOX ONE,21-Apr-17,0.1600 lbs,36
Dark Souls Trilogy (EU Import)   Xbox One,69.99,,Mature,ACTION,NAMCOBEU,XBOX ONE,19-Oct-18,0.2500 lbs,15
Darksiders III 3   Xbox One,29.99,,Mature,ACTION,NORDIC,XBOX ONE,27-Nov-18,0.1500 lbs,28
Day of the Tentacle Remastered (Limited Run Games)   Xbox One,64.99,Limit 1 per customer. Subsequent orders will be subject to cancellation.,Teen,ADVENTURE,LRGAMES,XBOX ONE,22-Jul-22,0.1550 lbs,21
Dead Alliance Day One Edition   Xbox One,29.99,,Mature,ACTION,MAXIMUM,XBOX ONE,29-Aug-17,0.1500 lbs,39
Demon Slayer Kimetsu No Yaiba Hinokami Chronicles   Xbox One,79.99,,Teen,FIGHTING,SEGA,XBOX ONE,15-Oct-21,0.1600 lbs,9
Destiny 2   Xbox One,39.99,,Teen,FPS,ACTIVISION,XBOX ONE,06-Sep-17,47875880986,43
Destiny 2 Forsaken Legendary Collection   Xbox One,79.99,,Teen,FPS,ACTIVISION,XBOX ONE,03-Sep-18,0.1700 lbs,1
Destroy All Humans   Xbox One,39.99,"BRAND NEW and SEALED Microsoft Xbox One Game.
Note: Can be played on the Microsoft Xbox One Only.",Teen,ACTION,NORDIC,XBOX ONE,28-Jul-20,0.1600 lbs,43
Deus Ex Mankind Divided Day One Edition   Xbox One,19.99,,Mature,RPG,SQUAREENIX,XBOX ONE,23-Aug-16,6.62249E+11,28
Diablo III 3 Eternal Collection   Xbox One,,,Mature,RPG,ACTIVISION,XBOX ONE,26-Jun-18,47875882188,44
Diablo III 3 Ultimate Evil Edition   Xbox One,59.99,"Take on the role of one of six powerful character classes   Barbarian, Demon Hunter, Monk, Witch Doctor, Wizard, or the all-new Crusader in this sequel to one of Blizzards most celebrated games of all time.",Mature,RPG,BLIZZARD,XBOX ONE,19-Aug-14,0.1700 lbs,9
Diablo IV 4   Xbox Series X,89.99,,Mature,RPG,ACTIVISION,XBOX X,06-Jun-23,47875104006,13
Ai the Somnium Files Nirvana Initiative Collectors Edition   Xbox One,159.99,"BRAND NEW and SEALED Microsoft Xbox Game.
Note: Can be played on the Microsoft Xbox One or Series X.",Mature,ADVENTURE,SPIKECHUNS,XBOX ONE,24-Jun-22,1.3500 lbs,7
Alone in the Dark   Xbox Series X,59.99,"BRAND NEW and SEALED Microsoft Xbox Series X Game.
Note: Can be played on the Microsoft Xbox Series X.",Mature,HORROR,NORDIC,XBOX X,16-Jan-24,0.1900 lbs,42
Armored Core VI 6 Fires of Rubicon   Xbox One,79.99,"BRAND NEW and SEALED Microsoft Xbox Game.
Note: Can be played on the Microsoft Xbox One and Series X.",Teen,ACTION,NAMCOBANDA,XBOX ONE,25-Aug-23,0.1600 lbs,50
Assassins Creed Mirage (Smart Delivery)   Xbox Series X,69.99,"BRAND NEW and SEALED Microsoft Xbox Series X Game.
Note: Can be played on the Microsoft Xbox Series X.",Mature,ACTION,UBISOFT,XBOX X,05-Oct-23,0.1650 lbs,28
Assassins Creed Mirage Deluxe Edition (Smart Delivery)   Xbox Series X,79.99,"BRAND NEW and SEALED Microsoft Xbox Series X Game.
Note: Can be played on the Microsoft Xbox Series X.",Mature,ACTION,UBISOFT,XBOX X,05-Oct-23,0.1650 lbs,39
Assassins Creed Valhalla   Xbox One,79.99,"BRAND NEW and SEALED Microsoft Xbox One Game.
Note: Can be played on the Microsoft Xbox One Only.",Mature,ACTION,UBISOFT,XBOX ONE,10-Nov-20,8.87256E+11,10
Atlas Fallen   Xbox Series X,79.99,"BRAND NEW and SEALED Microsoft Xbox Series X Game.
Note: Can be played on the Microsoft Xbox Series X.",Teen,RPG,MAXIMUM,XBOX X,10-Aug-23,0.1600 lbs,15
Avatar: Frontiers of Pandora   Xbox Series X,89.99,"BRAND NEW and SEALED Microsoft Xbox Series X Game.
Note: Can be played on the Microsoft Xbox Series X.",Rating Pending,FPS,UBISOFT,XBOX X,07-Dec-23,,23
Banishers: Ghosts of New Eden   Xbox Series X ,89.99,"BRAND NEW and SEALED Microsoft Xbox Series X Game.
Note: Can be played on the Microsoft Xbox Series X.",Rating Pending,ACTION,MAXIMUM,XBOX X,13-Feb-24,,19
Battlefield 2042   Xbox Series X,29.99,,Mature,FPS,EA,XBOX X,19-Nov-21,14633742633,21
Bomb Rush Cyberfunk   Xbox One,54.99,"BRAND NEW and SEALED Microsoft Xbox Game.
Note: Can be played on the Microsoft Xbox One and Series X.",Teen,ACTION,SKYBOUND,XBOX ONE,01-Dec-23,,14
Call of Duty Black Ops Cold War   Xbox Series X,89.99,,Mature,FPS,ACTIVISION,XBOX X,13-Nov-20,47875101159,5
Call of Duty Modern Warfare 3 (2023) (Smart Delivery)   Xbox Series X,89.99,,Mature,FPS,ACTIVISION,XBOX X,10-Nov-23,47875104778,18
Call of Duty Vanguard   Xbox Series X,89.99,"BRAND NEW and SEALED Microsoft Xbox X Game.
Note: Can be played on the Microsoft Xbox Series X.",Mature,FPS,ACTIVISION,XBOX X,05-Nov-21,47875102606,4
Cities Skylines 2   Xbox Series X,69.99,"BRAND NEW and SEALED Microsoft Xbox Series X Game.
Note: Can be played on the Microsoft Xbox Series X.",Everyone,SIMULATION,PLAION,XBOX X,31-Dec-24,,9
Control Ultimate Edition   Xbox Series X,49.99,"BRAND NEW and SEALED Microsoft Xbox X Game.
Note: Can be played on the Microsoft X One Only.",Mature,TPS,505 GAMES,XBOX X,09-Mar-21,0.1600 lbs,17
Crisis Core Final Fantasy VII 7 Reunion (Smart Delivery)   Xbox One,64.99,"BRAND NEW and SEALED Microsoft Xbox Game.
Note: Can be played on the Microsoft Xbox One and Series X.",Teen,RPG,SQUAREENIX,XBOX ONE,13-Dec-22,0.1600 lbs,46
Cygni All Guns Blazing   Xbox Series X ,54.99,"BRAND NEW and SEALED Microsoft Xbox Series X Game.
Note: Can be played on the Microsoft Xbox Series X.",Everyone_10_Plus,ACTION,KONAMI,XBOX X,30-Jun-24,,36
Dead Space (2023)   Xbox Series X,79.99,,Mature,HORROR,EA,XBOX X,27-Jan-23,0.1600 lbs,4
Deathloop (Xbox)   Xbox Series X,49.99,"BRAND NEW and SEALED Microsoft Xbox Series X Game.
Note: Can be played on the Microsoft Xbox Series X.",Mature,FPS,BETHESDA,XBOX X,20-Sep-22,0.1700 lbs,31
Demon Slayer Kimetsu No Yaiba Hinokami Chronicles   Xbox One,79.99,,Teen,FIGHTING,SEGA,XBOX ONE,15-Oct-21,0.1600 lbs,28
Devil May Cry 5 Special Edition   Xbox Series X,39.99,"BRAND NEW and SEALED Microsoft Xbox X Game.
Note: Can be played on the Microsoft X One Only.",Mature,HACK&SLASH,CAPCOM,XBOX X,01-Dec-20,0.1550 lbs,38
Diablo IV 4   Xbox Series X,89.99,,Mature,RPG,ACTIVISION,XBOX X,06-Jun-23,47875104006,31
Doki Doki Literature Club Plus   Xbox One,39.99,"BRAND NEW and SEALED Microsoft Xbox Game.
Note: Can be played on the Microsoft Xbox One and Series X.",Mature,VISUAL,PM STUDIOS,XBOX ONE,31-May-24,,35
Dying Light 2 Stay Human   Xbox One,79.99,"BRAND NEW and SEALED Microsoft Xbox One Game.
Note: Can be played on the Microsoft Xbox One and Series X.",Mature,ACTION,SQUAREENIX,XBOX ONE,04-Feb-22,6.62249E+11,42
EA Sports FC 24 (Smart Delivery)   Xbox One,79.99,"BRAND NEW and SEALED Microsoft Xbox Game.
Note: Can be played on the Microsoft Xbox One and Series X.",Everyone,SPORTS,EA,XBOX ONE,29-Sep-23,14633749199,33
EA Sports PGA Tour   Xbox Series X,79.99,"BRAND NEW and SEALED Microsoft Xbox Series X.
Note: Can be played on the Microsoft Xbox Series X.",Everyone,SPORTS,EA,XBOX X,07-Apr-23,0.1700 lbs,44
Elden Ring   Xbox One,79.99,,Mature,RPG,NAMCOBANDA,XBOX ONE,25-Feb-22,0.1550 lbs,27
Endless Dungeon Day One Edition   Xbox Series X,54.99,"BRAND NEW and SEALED Microsoft Xbox Game.
Note: Can be played on the Microsoft Xbox One or Series X.",Teen,ACTION,SEGA,XBOX X,20-Oct-23,0.4600 lbs,23
Everspace 2 Stellar Edition   Xbox Series X,79.99,"BRAND NEW and SEALED Microsoft Xbox Series X Game.
Note: Can be played on the Microsoft Xbox Series X.",Teen,RPG,MAXIMUM,XBOX X,03-Oct-23,1.0000 lbs,20
F1 22   Xbox Series X,29.99,"BRAND NEW and SEALED Microsoft Xbox Series X Game.
Note: Can be played on the Microsoft Xbox Series X.",Everyone,RACING,EA,XBOX X,01-Jul-22,14633381955,24
Far Cry 6   Xbox One,69.99,"BRAND NEW and SEALED Microsoft Xbox One Game.
Note: Can be played on the Microsoft Xbox One and Series X.",Mature,FPS,UBISOFT,XBOX ONE,07-Oct-21,8.87256E+11,15
FIFA 2022   Xbox Series X,,,Everyone,SPORTS,EA,XBOX X,01-Oct-21,14633742527,50
FIFA 21 Next Level Edition   Xbox Series X,59.99,"BRAND NEW and SEALED Microsoft Xbox X Game.
Note: Can be played on the Microsoft X One Only.",Teen,SPORTS,EA,XBOX X,04-Dec-20,0.1750 lbs,39
FIFA 23   Xbox Series X,39.99,,Everyone,SPORTS,EA,XBOX X,30-Sep-22,14633379334,15
Flintlock the Siege of Dawn   Xbox Series X,59.99,"BRAND NEW and SEALED Microsoft Xbox Series X Game.
Note: Can be played on the Microsoft Xbox Series X.",Rating Pending,ACTION,MAXIMUM,XBOX X,31-Dec-24,,17
Fortnite Anime Legends (Code in Box)   Xbox One,29.99,"BRAND NEW and SEALED Microsoft Xbox Game.
Note: Can be played on the Microsoft Xbox One and Series X.",Teen,ACTION,U&I ENTMNT,XBOX ONE,14-Oct-22,0.1400 lbs,33
Fortnite Minty Legends Pack   Xbox One,29.99,"BRAND NEW and SEALED Microsoft Xbox Game.
Note: Can be played on the Microsoft Xbox One or Series X.",Teen,ACTION,U&I ENTMNT,XBOX ONE,02-Nov-21,0.1250 lbs,38
Forza Motorsport (2023)   Xbox Series X,89.99,Out-build the competition in the all-new career. Race your friends in multiplayer. Compete in 500+ cars on world-famous tracks with cutting edge AI and advanced physics.,Everyone,RACING,MICROSOFT,XBOX X,10-Oct-23,0.1650 lbs,13
Front Mission 1st Remake Limited Edition   Xbox Series X ,49.99,"BRAND NEW and SEALED Microsoft Xbox Series X Game.
Note: Can be played on the Microsoft Xbox Series X.",Teen,RPG,MAXIMUM,XBOX X,16-Jan-24,,31
Gears Tactics   Xbox Series X,49.99,,Mature,RPG,MICROSOFT,XBOX X,10-Nov-20,0.1700 lbs,32
Goat Simulator 3   Xbox Series X,19.99,"BRAND NEW and SEALED Microsoft Xbox Series X Game.
Note: Can be played on the Microsoft Xbox Series X.",Teen,SIMULATION,KOCH,XBOX X,17-Nov-22,0.1550 lbs,26
Gotham Knights   Xbox Series X,,"BRAND NEW and SEALED Microsoft Xbox Series X Game.
Note: Can be played on the Microsoft Xbox Series X.",Teen,ACTION,WARNER,XBOX X,21-Oct-22,8.8393E+11,30
Gothic 1 Remake   Xbox Series X,59.99,"BRAND NEW and SEALED Microsoft Xbox Series X Game.
Note: Can be played on the Microsoft Xbox Series X.",None Selected,ACTION,NORDIC,XBOX X,31-Dec-24,0.1900 lbs,44
Grand Theft Auto GTA V 5   Xbox Series X,49.99,"Continue your journey on Xbox Series X|S and transfer both GTAV Story Mode progress and GTA Online characters and progression to Xbox Series X|S with a one-time migration. Xbox Series X|S players can enjoy new high-performance vehicle upgrades and improvements like the Career Builder as well as all GTA Online gameplay upgrades, expansions, and content released since launch, ready to enjoy solo or with friends. Pull off daring co-operative Heists, enter adrenaline-fueled Stunt Races, compete in unique Adversary Modes, or hang out in social spaces including nightclubs, arcades, penthouse parties, car meetups, and much more.",Mature,ACTION,TAKE 2,XBOX X,12-Apr-22,7.10426E+11,30
GTA Grand Theft Auto the Trilogy Definitive Edition   Xbox One,29.99,,Mature,OPENWORLD,ROCKSTAR,XBOX ONE,17-Dec-21,7.10426E+11,19
Hades   Xbox One,49.99,"BRAND NEW and SEALED Microsoft Xbox Game.
Note: Can be played on the Microsoft Xbox One or Series X.",Teen,ACTION,TAKE 2,XBOX ONE,13-Aug-21,7.10426E+11,20
Hitman 3 III   Xbox Series X,39.99,"BRAND NEW and SEALED Microsoft Xbox X Game.
Note: Can be played on the Microsoft Xbox One and Series X Only.",Mature,ACTION,IO INT,XBOX X,20-Jan-21,0.1550 lbs,17
Hogwarts Legacy   Xbox Series X,79.99,"BRAND NEW and SEALED Microsoft Xbox Series X Game.
Note: Can be played on the Microsoft Xbox Series X.",Teen,OPENWORLD,WARNER,XBOX X,10-Feb-23,8.8393E+11,23
